city,filename,status,reason,width,height,brightness,blur_score
Amsterdam,amsterdam_0001.jpg,accepted,,1024,768,135.26,787.36
Amsterdam,amsterdam_0002.jpg,accepted,,1024,768,105.08,913.22
Amsterdam,amsterdam_0003.jpg,accepted,,1024,768,131.97,985.66
Amsterdam,amsterdam_0004.jpg,accepted,,1024,768,130.64,1049.20
Amsterdam,amsterdam_0005.jpg,accepted,,800,1200,123.05,2258.99
Amsterdam,amsterdam_0006.jpg,accepted,,1024,768,114.80,626.92
Amsterdam,amsterdam_0007.jpg,accepted,,1024,768,103.48,672.87
Amsterdam,amsterdam_0008.jpg,accepted,,1024,768,84.05,169.30
Amsterdam,amsterdam_0009.jpg,accepted,,1024,768,119.42,4234.66
Amsterdam,amsterdam_0010.jpg,accepted,,1024,768,111.54,314.41
Amsterdam,amsterdam_0011.jpg,accepted,,1024,768,100.88,2322.77
Amsterdam,amsterdam_0012.jpg,accepted,,1024,768,101.17,422.18
Amsterdam,amsterdam_0013.jpg,accepted,,1023,1529,130.36,1083.73
Amsterdam,amsterdam_0014.jpg,accepted,,1024,768,123.97,1812.30
Amsterdam,amsterdam_0015.jpg,accepted,,1024,576,109.08,4650.44
Amsterdam,amsterdam_0016.jpg,accepted,,1024,576,115.98,744.98
Amsterdam,amsterdam_0017.jpg,accepted,,1024,768,103.83,1232.87
Amsterdam,amsterdam_0018.jpg,accepted,,1024,768,117.93,244.67
Amsterdam,amsterdam_0019.jpg,accepted,,1023,767,123.51,4050.62
Amsterdam,amsterdam_0020.jpg,accepted,,1023,682,121.81,1811.19
Amsterdam,amsterdam_0021.jpg,accepted,,1024,768,107.78,4853.49
Amsterdam,amsterdam_0022.jpg,accepted,,1024,768,108.79,1407.15
Amsterdam,amsterdam_0023.jpg,accepted,,1024,768,108.25,1685.61
Amsterdam,amsterdam_0024.jpg,accepted,,1024,768,115.54,1038.48
Amsterdam,amsterdam_0025.jpg,accepted,,1024,768,87.84,652.37
Amsterdam,amsterdam_0026.jpg,accepted,,1024,768,116.10,2677.35
Amsterdam,amsterdam_0027.jpg,accepted,,1024,768,98.63,420.54
Amsterdam,amsterdam_0028.jpg,accepted,,1024,768,115.87,2295.54
Amsterdam,amsterdam_0029.jpg,accepted,,1024,768,109.25,436.71
Amsterdam,amsterdam_0030.jpg,accepted,,1024,768,136.88,528.94
Amsterdam,amsterdam_0031.jpg,accepted,,1024,768,122.22,909.70
Amsterdam,amsterdam_0032.jpg,accepted,,1023,682,99.38,1409.65
Amsterdam,amsterdam_0033.jpg,accepted,,1024,576,107.84,5360.07
Amsterdam,amsterdam_0034.jpg,accepted,,1024,768,91.14,1028.59
Amsterdam,amsterdam_0035.jpg,accepted,,1024,768,128.42,934.52
Amsterdam,amsterdam_0036.jpg,accepted,,1024,768,141.34,2231.77
Amsterdam,amsterdam_0037.jpg,accepted,,1024,768,82.92,2719.00
Amsterdam,amsterdam_0038.jpg,accepted,,1024,768,128.13,2227.99
Amsterdam,amsterdam_0039.jpg,accepted,,1024,768,95.14,1590.66
Amsterdam,amsterdam_0040.jpg,accepted,,1024,576,107.69,4723.28
Amsterdam,amsterdam_0041.jpg,accepted,,1024,576,87.64,613.97
Amsterdam,amsterdam_0042.jpg,accepted,,1024,768,124.02,867.42
Amsterdam,amsterdam_0043.jpg,accepted,,1024,768,121.85,212.73
Amsterdam,amsterdam_0044.jpg,accepted,,1024,768,85.85,326.11
Amsterdam,amsterdam_0045.jpg,accepted,,1024,768,114.52,816.49
Amsterdam,amsterdam_0046.jpg,accepted,,1024,768,93.85,2612.47
Amsterdam,amsterdam_0047.jpg,accepted,,1024,768,118.48,1764.45
Amsterdam,amsterdam_0048.jpg,accepted,,1024,768,107.54,533.70
Amsterdam,amsterdam_0049.jpg,accepted,,1024,768,140.37,362.43
Amsterdam,amsterdam_0050.jpg,accepted,,1024,768,99.27,669.60
Amsterdam,amsterdam_0051.jpg,accepted,,1024,768,127.81,757.00
Amsterdam,amsterdam_0052.jpg,accepted,,1024,768,95.97,210.55
Amsterdam,amsterdam_0053.jpg,accepted,,1024,768,84.45,3217.80
Amsterdam,amsterdam_0054.jpg,accepted,,1024,768,122.15,944.95
Amsterdam,amsterdam_0055.jpg,accepted,,1024,768,115.63,951.58
Amsterdam,amsterdam_0056.jpg,accepted,,1024,768,106.86,1157.39
Amsterdam,amsterdam_0057.jpg,accepted,,1024,576,117.59,549.34
Amsterdam,amsterdam_0058.jpg,accepted,,1024,576,110.30,3945.01
Amsterdam,amsterdam_0059.jpg,accepted,,1024,768,145.90,118.67
Amsterdam,amsterdam_0060.jpg,accepted,,1024,768,124.49,333.27
Amsterdam,amsterdam_0061.jpg,accepted,,1024,768,133.72,1917.60
Amsterdam,amsterdam_0062.jpg,accepted,,1024,768,97.52,1106.46
Amsterdam,amsterdam_0063.jpg,accepted,,1024,768,130.19,1123.82
Amsterdam,amsterdam_0064.jpg,accepted,,1024,576,92.07,969.34
Amsterdam,amsterdam_0065.jpg,accepted,,1024,768,99.59,1067.68
Amsterdam,amsterdam_0066.jpg,accepted,,1024,768,89.76,410.18
Amsterdam,amsterdam_0067.jpg,accepted,,1024,768,94.61,1545.99
Amsterdam,amsterdam_0068.jpg,accepted,,1024,768,133.50,778.60
Amsterdam,amsterdam_0069.jpg,accepted,,1024,768,107.29,1746.52
Amsterdam,amsterdam_0070.jpg,accepted,,1024,768,97.89,562.25
Amsterdam,amsterdam_0071.jpg,accepted,,1024,768,135.34,1300.78
Amsterdam,amsterdam_0072.jpg,accepted,,1024,576,113.13,242.21
Amsterdam,amsterdam_0073.jpg,accepted,,1024,768,96.59,2470.37
Amsterdam,amsterdam_0074.jpg,accepted,,1022,306,98.51,938.23
Amsterdam,amsterdam_0075.jpg,accepted,,1024,768,135.87,1762.19
Amsterdam,amsterdam_0076.jpg,accepted,,1024,768,127.08,850.51
Amsterdam,amsterdam_0077.jpg,accepted,,1024,768,123.64,928.43
Amsterdam,amsterdam_0078.jpg,accepted,,1024,576,94.90,562.09
Amsterdam,amsterdam_0079.jpg,accepted,,1024,640,77.52,2326.79
Amsterdam,amsterdam_0080.jpg,accepted,,1023,682,81.24,1626.00
Amsterdam,amsterdam_0081.jpg,accepted,,1024,768,103.50,1496.49
Amsterdam,amsterdam_0082.jpg,accepted,,800,1200,103.49,583.38
Amsterdam,amsterdam_0083.jpg,accepted,,1024,768,138.00,1009.04
Amsterdam,amsterdam_0084.jpg,accepted,,1024,768,139.13,810.99
Amsterdam,amsterdam_0085.jpg,accepted,,1024,579,77.97,1093.33
Amsterdam,amsterdam_0086.jpg,accepted,,1024,768,92.18,1680.38
Amsterdam,amsterdam_0087.jpg,accepted,,1024,576,69.16,999.62
Amsterdam,amsterdam_0088.jpg,accepted,,1024,768,114.61,1828.91
Amsterdam,amsterdam_0089.jpg,accepted,,1024,576,120.52,2090.02
Amsterdam,amsterdam_0090.jpg,accepted,,1024,576,92.10,2128.18
Amsterdam,amsterdam_0091.jpg,accepted,,1024,768,100.27,1440.69
Amsterdam,amsterdam_0092.jpg,accepted,,1024,768,89.96,3106.23
Amsterdam,amsterdam_0093.jpg,accepted,,1024,768,70.00,907.07
Amsterdam,amsterdam_0094.jpg,accepted,,1024,768,86.66,414.75
Amsterdam,amsterdam_0095.jpg,accepted,,1024,768,132.88,2165.21
Amsterdam,amsterdam_0096.jpg,accepted,,1024,768,105.03,325.41
Amsterdam,amsterdam_0097.jpg,accepted,,800,1200,114.49,1085.15
Amsterdam,amsterdam_0098.jpg,accepted,,1024,768,109.52,140.54
Amsterdam,amsterdam_0099.jpg,accepted,,1024,576,108.18,1656.84
Amsterdam,amsterdam_0100.jpg,accepted,,1024,768,118.64,3009.93
Amsterdam,amsterdam_0101.jpg,accepted,,1024,768,91.93,3078.36
Amsterdam,amsterdam_0102.jpg,accepted,,1024,768,111.11,2075.88
Amsterdam,amsterdam_0103.jpg,accepted,,1024,768,93.32,143.20
Amsterdam,amsterdam_0104.jpg,accepted,,1023,682,94.67,1473.38
Amsterdam,amsterdam_0105.jpg,accepted,,1024,768,115.24,2032.81
Amsterdam,amsterdam_0106.jpg,accepted,,1024,768,109.89,952.68
Amsterdam,amsterdam_0107.jpg,accepted,,1024,768,105.44,1216.02
Amsterdam,amsterdam_0108.jpg,accepted,,1024,768,78.40,974.43
Amsterdam,amsterdam_0109.jpg,accepted,,1024,768,131.83,727.49
Amsterdam,amsterdam_0110.jpg,accepted,,1024,768,111.71,806.92
Amsterdam,amsterdam_0111.jpg,accepted,,1024,768,121.17,1011.55
Amsterdam,amsterdam_0112.jpg,accepted,,1024,768,128.96,975.53
Amsterdam,amsterdam_0113.jpg,accepted,,1023,1111,97.04,2125.70
Amsterdam,amsterdam_0114.jpg,accepted,,1024,768,134.35,1241.22
Amsterdam,amsterdam_0115.jpg,accepted,,1024,768,101.50,1803.50
Amsterdam,amsterdam_0116.jpg,accepted,,1024,768,127.22,1586.13
Amsterdam,amsterdam_0117.jpg,accepted,,1024,768,111.08,2555.29
Amsterdam,amsterdam_0118.jpg,accepted,,1024,768,87.03,2224.42
Amsterdam,amsterdam_0119.jpg,accepted,,1024,768,133.04,218.21
Amsterdam,amsterdam_0120.jpg,accepted,,1024,640,59.63,1578.38
Amsterdam,amsterdam_0121.jpg,accepted,,1024,768,98.93,2831.79
Amsterdam,amsterdam_0122.jpg,accepted,,1024,640,81.20,1275.06
Amsterdam,amsterdam_0123.jpg,accepted,,1024,576,136.42,2325.73
Amsterdam,amsterdam_0124.jpg,accepted,,1024,768,121.19,1507.65
Amsterdam,amsterdam_0125.jpg,accepted,,1024,768,51.21,114.22
Amsterdam,amsterdam_0126.jpg,accepted,,1024,768,96.81,931.48
Amsterdam,amsterdam_0127.jpg,accepted,,1024,768,134.66,140.48
Amsterdam,amsterdam_0128.jpg,accepted,,1024,768,131.10,1080.78
Amsterdam,amsterdam_0129.jpg,accepted,,1024,576,123.61,727.48
Amsterdam,amsterdam_0130.jpg,accepted,,1024,768,109.20,1007.70
Amsterdam,amsterdam_0131.jpg,accepted,,1024,768,73.54,3046.52
Amsterdam,amsterdam_0132.jpg,accepted,,1024,768,135.44,1120.50
Amsterdam,amsterdam_0133.jpg,accepted,,1024,768,128.74,960.79
Amsterdam,amsterdam_0134.jpg,accepted,,1024,768,104.37,1371.12
Amsterdam,amsterdam_0135.jpg,accepted,,1024,768,126.55,294.69
Amsterdam,amsterdam_0136.jpg,accepted,,1024,768,115.24,1704.18
Amsterdam,amsterdam_0137.jpg,accepted,,1024,768,129.21,657.49
Amsterdam,amsterdam_0138.jpg,accepted,,1024,768,110.56,913.08
Amsterdam,amsterdam_0139.jpg,accepted,,1024,768,114.65,709.30
Amsterdam,amsterdam_0140.jpg,accepted,,1024,768,136.11,1772.57
Amsterdam,amsterdam_0141.jpg,accepted,,1024,576,119.44,3432.52
Amsterdam,amsterdam_0142.jpg,accepted,,1024,768,114.81,3533.06
Amsterdam,amsterdam_0143.jpg,accepted,,1024,768,113.53,510.63
Amsterdam,amsterdam_0144.jpg,accepted,,1024,768,91.57,918.56
Amsterdam,amsterdam_0145.jpg,accepted,,1024,768,100.01,945.03
Amsterdam,amsterdam_0146.jpg,accepted,,1024,576,101.58,394.04
Amsterdam,amsterdam_0147.jpg,accepted,,1024,576,95.17,3342.88
Amsterdam,amsterdam_0148.jpg,accepted,,1024,768,115.94,424.39
Amsterdam,amsterdam_0149.jpg,accepted,,1024,768,124.73,2030.53
Amsterdam,amsterdam_0150.jpg,accepted,,1024,768,129.38,370.87
Amsterdam,amsterdam_0151.jpg,accepted,,1024,768,136.71,2355.43
Amsterdam,amsterdam_0152.jpg,accepted,,1024,768,146.84,203.72
Amsterdam,amsterdam_0153.jpg,accepted,,1024,576,115.20,3813.54
Amsterdam,amsterdam_0154.jpg,accepted,,1024,768,116.72,1339.92
Amsterdam,amsterdam_0155.jpg,accepted,,1024,768,114.31,749.49
Amsterdam,amsterdam_0156.jpg,accepted,,1024,768,128.31,3503.85
Amsterdam,amsterdam_0157.jpg,accepted,,1024,768,96.36,1974.17
Amsterdam,amsterdam_0158.jpg,accepted,,1024,768,116.70,3127.72
Amsterdam,amsterdam_0159.jpg,accepted,,1024,768,131.15,755.15
Amsterdam,amsterdam_0160.jpg,accepted,,1024,768,124.57,973.10
Amsterdam,amsterdam_0161.jpg,accepted,,1024,768,93.26,1056.62
Amsterdam,amsterdam_0162.jpg,accepted,,1024,576,103.77,3083.80
Amsterdam,amsterdam_0163.jpg,accepted,,1024,768,96.00,709.77
Amsterdam,amsterdam_0164.jpg,accepted,,1024,768,120.88,1737.25
Amsterdam,amsterdam_0165.jpg,accepted,,1024,768,117.73,1464.05
Amsterdam,amsterdam_0166.jpg,accepted,,1024,768,117.95,851.22
Amsterdam,amsterdam_0167.jpg,accepted,,1024,768,134.27,905.44
Amsterdam,amsterdam_0168.jpg,accepted,,1024,768,94.17,2104.12
Amsterdam,amsterdam_0169.jpg,accepted,,1024,768,109.57,844.39
Amsterdam,amsterdam_0170.jpg,accepted,,1024,768,138.74,410.54
Amsterdam,amsterdam_0171.jpg,accepted,,1024,576,132.66,1449.89
Amsterdam,amsterdam_0172.jpg,accepted,,1024,768,140.78,149.26
Amsterdam,amsterdam_0173.jpg,accepted,,1024,768,117.56,3160.63
Amsterdam,amsterdam_0174.jpg,accepted,,1024,768,145.51,1159.04
Amsterdam,amsterdam_0175.jpg,accepted,,1024,576,122.29,2585.83
Amsterdam,amsterdam_0176.jpg,accepted,,1024,576,124.36,2849.45
Amsterdam,amsterdam_0177.jpg,accepted,,1024,768,108.76,778.63
Amsterdam,amsterdam_0178.jpg,accepted,,1024,768,106.65,1309.50
Amsterdam,amsterdam_0179.jpg,accepted,,1024,768,124.33,728.62
Amsterdam,amsterdam_0180.jpg,accepted,,1024,768,128.76,898.78
Amsterdam,amsterdam_0181.jpg,accepted,,1024,576,114.82,3750.15
Amsterdam,amsterdam_0182.jpg,accepted,,1024,768,141.45,1458.39
Amsterdam,amsterdam_0183.jpg,accepted,,1023,682,149.77,664.47
Amsterdam,amsterdam_0184.jpg,accepted,,1024,768,135.47,982.05
Amsterdam,amsterdam_0185.jpg,accepted,,1024,768,104.67,1020.15
Amsterdam,amsterdam_0186.jpg,accepted,,1024,576,117.55,1269.08
Amsterdam,amsterdam_0187.jpg,accepted,,1024,768,101.42,4623.15
Amsterdam,amsterdam_0188.jpg,accepted,,1024,576,122.73,1885.85
Amsterdam,amsterdam_0189.jpg,accepted,,1024,768,143.78,806.41
Amsterdam,amsterdam_0190.jpg,accepted,,1024,768,144.71,285.28
Amsterdam,amsterdam_0191.jpg,accepted,,1024,768,128.48,580.22
Amsterdam,amsterdam_0192.jpg,accepted,,1024,768,99.94,661.99
Amsterdam,amsterdam_0193.jpg,accepted,,1024,576,121.80,1546.73
Amsterdam,amsterdam_0194.jpg,accepted,,1024,768,118.02,286.61
Amsterdam,amsterdam_0195.jpg,accepted,,1024,768,102.36,791.60
Amsterdam,amsterdam_0196.jpg,accepted,,1024,768,129.00,360.54
Amsterdam,amsterdam_0197.jpg,accepted,,1024,576,124.00,1236.04
Amsterdam,amsterdam_0198.jpg,accepted,,1024,768,125.27,1066.78
Amsterdam,amsterdam_0199.jpg,accepted,,1024,768,104.81,1152.95
Amsterdam,amsterdam_0200.jpg,accepted,,1024,768,127.26,1052.14
Amsterdam,amsterdam_0201.jpg,accepted,,1024,768,111.78,325.39
Amsterdam,amsterdam_0202.jpg,accepted,,1024,768,106.95,935.23
Amsterdam,amsterdam_0203.jpg,accepted,,1024,768,93.96,2723.85
Amsterdam,amsterdam_0204.jpg,accepted,,1024,768,106.55,544.66
Amsterdam,amsterdam_0205.jpg,accepted,,1024,768,91.22,377.31
Amsterdam,amsterdam_0206.jpg,accepted,,1024,768,125.85,1738.66
Amsterdam,amsterdam_0207.jpg,accepted,,1024,768,99.69,704.39
Amsterdam,amsterdam_0208.jpg,accepted,,1024,768,99.56,1889.16
Amsterdam,amsterdam_0209.jpg,accepted,,1024,768,113.89,2242.83
Berlin,berlin_0001.jpg,accepted,,1024,768,100.64,769.49
Berlin,berlin_0002.jpg,accepted,,1024,768,127.78,2447.63
Berlin,berlin_0003.jpg,accepted,,1024,768,87.77,3251.14
Berlin,berlin_0004.jpg,accepted,,1024,768,98.08,443.23
Berlin,berlin_0005.jpg,accepted,,1024,768,81.54,611.85
Berlin,berlin_0006.jpg,accepted,,1024,768,92.40,765.37
Berlin,berlin_0007.jpg,accepted,,1024,768,140.36,738.27
Berlin,berlin_0008.jpg,accepted,,1024,768,125.40,943.53
Berlin,berlin_0009.jpg,accepted,,1024,768,95.24,688.20
Berlin,berlin_0010.jpg,accepted,,1024,768,99.07,546.51
Berlin,berlin_0011.jpg,accepted,,1024,768,119.24,1394.46
Berlin,berlin_0012.jpg,accepted,,1024,768,115.38,1560.38
Berlin,berlin_0013.jpg,accepted,,1024,768,66.89,616.77
Berlin,berlin_0014.jpg,accepted,,1024,768,98.19,1168.02
Berlin,berlin_0015.jpg,accepted,,1024,768,90.40,980.24
Berlin,berlin_0016.jpg,accepted,,1024,768,127.23,503.02
Berlin,berlin_0017.jpg,accepted,,1024,768,144.86,241.70
Berlin,berlin_0018.jpg,accepted,,1024,768,112.27,291.51
Berlin,berlin_0019.jpg,accepted,,1024,768,122.60,433.03
Berlin,berlin_0020.jpg,accepted,,1024,768,114.93,651.70
Berlin,berlin_0021.jpg,accepted,,1024,768,86.95,1112.10
Berlin,berlin_0022.jpg,accepted,,1024,768,96.26,791.40
Berlin,berlin_0023.jpg,accepted,,1024,768,106.82,1374.23
Berlin,berlin_0024.jpg,accepted,,1024,768,152.00,289.88
Berlin,berlin_0025.jpg,accepted,,1024,768,79.38,419.53
Berlin,berlin_0026.jpg,accepted,,1024,768,77.30,208.96
Berlin,berlin_0027.jpg,accepted,,1024,768,125.39,490.69
Berlin,berlin_0028.jpg,accepted,,1024,768,80.84,2858.80
Berlin,berlin_0029.jpg,accepted,,1024,767,117.14,1341.71
Berlin,berlin_0030.jpg,accepted,,1024,768,87.57,379.72
Berlin,berlin_0031.jpg,accepted,,1024,768,122.10,420.39
Berlin,berlin_0032.jpg,accepted,,1024,768,154.68,550.11
Berlin,berlin_0033.jpg,accepted,,1024,768,115.82,1331.64
Berlin,berlin_0034.jpg,accepted,,1024,768,76.58,187.85
Berlin,berlin_0035.jpg,accepted,,1024,768,121.89,50.39
Berlin,berlin_0036.jpg,accepted,,1024,768,118.80,1441.42
Berlin,berlin_0037.jpg,accepted,,1024,768,106.48,529.26
Berlin,berlin_0038.jpg,accepted,,1024,768,77.14,433.21
Berlin,berlin_0039.jpg,accepted,,1024,768,128.19,4467.81
Berlin,berlin_0040.jpg,accepted,,1024,768,110.51,704.14
Berlin,berlin_0041.jpg,accepted,,1024,768,125.90,151.06
Berlin,berlin_0042.jpg,accepted,,1024,768,83.00,613.76
Berlin,berlin_0043.jpg,accepted,,1024,768,92.97,982.21
Berlin,berlin_0044.jpg,accepted,,1024,768,100.34,141.15
Berlin,berlin_0045.jpg,accepted,,1024,768,108.70,697.96
Berlin,berlin_0046.jpg,accepted,,1024,768,154.78,941.10
Berlin,berlin_0047.jpg,accepted,,1024,768,101.07,888.70
Berlin,berlin_0048.jpg,accepted,,1024,768,75.96,236.27
Berlin,berlin_0049.jpg,accepted,,1024,768,104.22,666.23
Berlin,berlin_0050.jpg,accepted,,1024,768,120.08,522.44
Berlin,berlin_0051.jpg,accepted,,1024,768,102.61,67.39
Berlin,berlin_0052.jpg,accepted,,1024,768,139.13,922.69
Berlin,berlin_0053.jpg,accepted,,1024,768,97.69,1020.55
Berlin,berlin_0054.jpg,accepted,,1024,768,111.56,1225.71
Berlin,berlin_0055.jpg,accepted,,1024,768,155.03,394.21
Berlin,berlin_0056.jpg,accepted,,1024,768,86.13,415.93
Berlin,berlin_0057.jpg,accepted,,1024,768,124.81,1399.73
Berlin,berlin_0058.jpg,accepted,,1024,768,88.10,830.03
Berlin,berlin_0059.jpg,accepted,,1024,768,135.59,1085.77
Berlin,berlin_0060.jpg,accepted,,1024,768,97.34,586.67
Berlin,berlin_0061.jpg,accepted,,1024,768,107.08,716.19
Berlin,berlin_0062.jpg,accepted,,1024,768,102.27,1060.27
Berlin,berlin_0063.jpg,accepted,,1024,768,98.80,1082.79
Berlin,berlin_0064.jpg,accepted,,1024,768,84.71,374.54
Berlin,berlin_0065.jpg,accepted,,1024,768,114.34,643.01
Berlin,berlin_0066.jpg,accepted,,1024,768,131.62,533.04
Berlin,berlin_0067.jpg,accepted,,1024,768,81.34,364.28
Berlin,berlin_0068.jpg,accepted,,1024,768,108.96,831.19
Berlin,berlin_0069.jpg,accepted,,1024,768,144.86,334.68
Berlin,berlin_0070.jpg,accepted,,1024,768,93.73,232.84
Berlin,berlin_0071.jpg,accepted,,1024,768,100.72,961.04
Berlin,berlin_0072.jpg,accepted,,1024,768,106.40,659.51
Berlin,berlin_0073.jpg,accepted,,1024,768,99.94,303.85
Berlin,berlin_0074.jpg,accepted,,1024,768,104.18,694.82
Berlin,berlin_0075.jpg,accepted,,1024,768,98.05,256.53
Berlin,berlin_0076.jpg,accepted,,1024,768,97.17,248.06
Berlin,berlin_0077.jpg,accepted,,1024,768,97.33,484.31
Berlin,berlin_0078.jpg,accepted,,1024,768,128.59,2067.78
Berlin,berlin_0079.jpg,accepted,,1024,768,145.62,854.51
Berlin,berlin_0080.jpg,accepted,,1024,768,114.57,1479.42
Berlin,berlin_0081.jpg,accepted,,1024,768,97.96,313.13
Berlin,berlin_0082.jpg,accepted,,1024,768,133.14,2205.84
Berlin,berlin_0083.jpg,accepted,,1024,768,96.67,507.50
Berlin,berlin_0084.jpg,accepted,,1024,768,124.20,1223.28
Berlin,berlin_0085.jpg,accepted,,1024,768,87.72,474.42
Berlin,berlin_0086.jpg,accepted,,1024,768,90.48,177.99
Berlin,berlin_0087.jpg,accepted,,1024,768,94.40,245.98
Berlin,berlin_0088.jpg,accepted,,1024,768,106.41,1165.93
Berlin,berlin_0089.jpg,accepted,,1024,768,95.20,152.64
Berlin,berlin_0090.jpg,accepted,,1024,768,114.52,67.07
Berlin,berlin_0091.jpg,accepted,,1024,768,105.25,275.93
Berlin,berlin_0092.jpg,accepted,,1024,768,92.41,74.37
Berlin,berlin_0093.jpg,accepted,,1024,768,108.54,645.90
Berlin,berlin_0094.jpg,accepted,,1024,768,111.17,1486.57
Berlin,berlin_0095.jpg,accepted,,1024,768,94.16,538.61
Berlin,berlin_0096.jpg,accepted,,1024,768,87.56,348.21
Berlin,berlin_0097.jpg,accepted,,1024,768,114.26,427.82
Berlin,berlin_0098.jpg,accepted,,1024,768,84.83,827.68
Berlin,berlin_0099.jpg,accepted,,1024,768,87.07,463.09
Berlin,berlin_0100.jpg,accepted,,1024,768,113.70,860.53
Berlin,berlin_0101.jpg,accepted,,1024,768,111.53,948.83
Berlin,berlin_0102.jpg,accepted,,1024,768,131.35,801.55
Berlin,berlin_0103.jpg,accepted,,1024,768,90.95,724.30
Berlin,berlin_0104.jpg,accepted,,1024,768,145.20,1838.79
Berlin,berlin_0105.jpg,accepted,,1024,768,102.60,88.75
Berlin,berlin_0106.jpg,accepted,,1024,768,93.79,141.97
Berlin,berlin_0107.jpg,accepted,,1024,768,136.35,1230.08
Berlin,berlin_0108.jpg,accepted,,1024,768,134.18,2150.10
Berlin,berlin_0109.jpg,accepted,,1024,768,123.81,364.03
Berlin,berlin_0110.jpg,accepted,,1024,768,96.69,361.45
Berlin,berlin_0111.jpg,accepted,,1024,768,97.40,395.34
Berlin,berlin_0112.jpg,accepted,,1024,768,97.61,2022.47
Berlin,berlin_0113.jpg,accepted,,1024,768,82.29,1013.69
Berlin,berlin_0114.jpg,accepted,,1024,768,120.59,87.41
Berlin,berlin_0115.jpg,accepted,,1024,768,90.69,583.93
Berlin,berlin_0116.jpg,accepted,,1024,768,133.87,1351.28
Berlin,berlin_0117.jpg,accepted,,1024,768,84.19,1064.31
Berlin,berlin_0118.jpg,accepted,,1024,768,109.30,426.49
Berlin,berlin_0119.jpg,accepted,,1024,768,103.64,345.00
Berlin,berlin_0120.jpg,accepted,,1024,768,103.55,441.25
Berlin,berlin_0121.jpg,accepted,,1024,768,96.85,732.16
Berlin,berlin_0122.jpg,accepted,,1024,768,109.41,787.34
Berlin,berlin_0123.jpg,accepted,,1024,768,81.79,1418.95
Berlin,berlin_0124.jpg,accepted,,1024,768,116.58,180.62
Berlin,berlin_0125.jpg,accepted,,1024,768,99.61,245.89
Berlin,berlin_0126.jpg,accepted,,1024,768,90.67,1230.20
Berlin,berlin_0127.jpg,accepted,,1024,768,83.40,670.20
Berlin,berlin_0128.jpg,accepted,,1024,768,119.57,1407.44
Berlin,berlin_0129.jpg,accepted,,1024,768,120.50,60.42
Berlin,berlin_0130.jpg,accepted,,1024,768,132.84,1071.18
Berlin,berlin_0131.jpg,accepted,,1024,768,100.56,38.99
Berlin,berlin_0132.jpg,accepted,,1024,768,85.01,4373.19
Berlin,berlin_0133.jpg,accepted,,1024,768,79.72,2305.19
Berlin,berlin_0134.jpg,accepted,,1024,768,89.75,140.95
Berlin,berlin_0135.jpg,accepted,,1024,768,134.28,367.99
Berlin,berlin_0136.jpg,accepted,,1024,768,81.56,439.81
Berlin,berlin_0137.jpg,accepted,,1024,768,111.58,858.57
Berlin,berlin_0138.jpg,accepted,,1024,768,91.00,804.28
Berlin,berlin_0139.jpg,accepted,,1024,768,89.13,1554.17
Berlin,berlin_0140.jpg,accepted,,1024,768,90.74,1165.84
Berlin,berlin_0141.jpg,accepted,,1024,768,143.00,371.90
Berlin,berlin_0142.jpg,accepted,,1024,768,98.21,449.16
Berlin,berlin_0143.jpg,accepted,,1024,768,110.20,3980.22
Berlin,berlin_0144.jpg,accepted,,1024,768,104.75,362.20
Berlin,berlin_0145.jpg,accepted,,1024,768,156.15,534.09
Berlin,berlin_0146.jpg,accepted,,1024,768,114.43,5146.11
Berlin,berlin_0147.jpg,accepted,,1023,576,117.03,805.81
Berlin,berlin_0148.jpg,accepted,,1024,768,99.28,1536.80
Berlin,berlin_0149.jpg,accepted,,1024,768,99.16,124.25
Berlin,berlin_0150.jpg,accepted,,1024,768,125.73,1405.85
Berlin,berlin_0151.jpg,accepted,,1024,768,113.09,363.48
Berlin,berlin_0152.jpg,accepted,,1024,768,97.57,3027.23
Berlin,berlin_0153.jpg,accepted,,1024,768,106.50,808.59
Berlin,berlin_0154.jpg,accepted,,1024,768,129.04,1140.99
Berlin,berlin_0155.jpg,accepted,,1024,768,102.36,881.97
Berlin,berlin_0156.jpg,accepted,,1024,768,123.52,377.68
Berlin,berlin_0157.jpg,accepted,,1024,768,97.04,75.27
Berlin,berlin_0158.jpg,accepted,,1024,768,91.70,209.78
Berlin,berlin_0159.jpg,accepted,,1024,768,142.73,1961.39
Berlin,berlin_0160.jpg,accepted,,1024,768,91.04,936.20
Berlin,berlin_0161.jpg,accepted,,1024,768,129.22,140.75
Berlin,berlin_0162.jpg,accepted,,1024,768,118.65,367.13
Berlin,berlin_0163.jpg,accepted,,1024,768,111.95,969.28
Berlin,berlin_0164.jpg,accepted,,1024,768,72.40,282.84
Berlin,berlin_0165.jpg,accepted,,1024,768,117.13,1323.28
Berlin,berlin_0166.jpg,accepted,,1024,768,119.53,328.40
Berlin,berlin_0167.jpg,accepted,,1024,768,86.26,350.25
Berlin,berlin_0168.jpg,accepted,,1024,768,104.72,2242.00
Berlin,berlin_0169.jpg,accepted,,1024,768,100.65,3048.29
Berlin,berlin_0170.jpg,accepted,,1024,768,92.24,1110.74
Berlin,berlin_0171.jpg,accepted,,1024,768,120.14,915.29
Berlin,berlin_0172.jpg,accepted,,1024,768,81.37,599.36
Berlin,berlin_0173.jpg,accepted,,1024,765,116.03,1022.55
Berlin,berlin_0174.jpg,accepted,,1024,768,102.21,60.65
Berlin,berlin_0175.jpg,accepted,,1024,768,80.40,774.93
Berlin,berlin_0176.jpg,accepted,,1024,768,123.18,1438.62
Berlin,berlin_0177.jpg,accepted,,1024,768,94.01,632.99
Berlin,berlin_0178.jpg,accepted,,1024,767,106.63,706.85
Berlin,berlin_0179.jpg,accepted,,1024,768,106.39,268.77
Berlin,berlin_0180.jpg,accepted,,1024,768,118.40,178.21
Berlin,berlin_0181.jpg,accepted,,1024,768,111.07,465.93
Berlin,berlin_0182.jpg,accepted,,1024,768,149.85,622.12
Berlin,berlin_0183.jpg,accepted,,1024,768,139.06,2809.89
Berlin,berlin_0184.jpg,accepted,,1024,768,108.29,742.41
Berlin,berlin_0185.jpg,accepted,,1024,768,126.21,1188.28
Berlin,berlin_0186.jpg,accepted,,1024,768,100.53,589.98
Berlin,berlin_0187.jpg,accepted,,1024,576,95.91,2188.02
Berlin,berlin_0188.jpg,accepted,,1024,768,106.55,420.84
Berlin,berlin_0189.jpg,accepted,,1024,768,84.26,1177.20
Berlin,berlin_0190.jpg,accepted,,1024,768,112.85,415.87
Berlin,berlin_0191.jpg,accepted,,1024,768,111.07,404.14
Berlin,berlin_0192.jpg,accepted,,1024,768,128.03,56.91
Berlin,berlin_0193.jpg,accepted,,1024,768,120.54,642.49
Berlin,berlin_0194.jpg,accepted,,1024,768,116.26,1976.99
Berlin,berlin_0195.jpg,accepted,,1024,768,135.67,2559.08
Berlin,berlin_0196.jpg,accepted,,1024,768,118.22,902.49
Berlin,berlin_0197.jpg,accepted,,1024,768,110.05,479.18
Berlin,berlin_0198.jpg,accepted,,1024,768,141.19,1432.37
Berlin,berlin_0199.jpg,accepted,,1024,576,103.68,732.88
Berlin,berlin_0200.jpg,accepted,,1024,768,121.14,103.58
Berlin,berlin_0201.jpg,accepted,,1024,768,100.25,197.80
Berlin,berlin_0202.jpg,accepted,,1024,768,137.98,563.60
Berlin,berlin_0203.jpg,accepted,,1024,768,83.42,1386.61
Berlin,berlin_0204.jpg,accepted,,1024,768,105.67,1112.52
Berlin,berlin_0205.jpg,accepted,,1024,768,126.06,248.27
Berlin,berlin_0206.jpg,accepted,,1024,768,87.44,477.38
Berlin,berlin_0207.jpg,accepted,,1024,768,108.57,248.09
Berlin,berlin_0208.jpg,accepted,,1024,768,80.08,1161.72
Berlin,berlin_0209.jpg,accepted,,1024,768,110.25,581.15
Berlin,berlin_0210.jpg,accepted,,1024,768,83.84,99.78
Berlin,berlin_0211.jpg,accepted,,1024,768,119.60,1473.26
Berlin,berlin_0212.jpg,accepted,,1024,768,99.79,360.07
Berlin,berlin_0213.jpg,accepted,,1024,768,110.99,226.97
Berlin,berlin_0214.jpg,accepted,,1024,768,88.82,409.37
Berlin,berlin_0215.jpg,accepted,,1024,768,74.30,965.27
Berlin,berlin_0216.jpg,accepted,,1024,768,94.14,1044.15
Berlin,berlin_0217.jpg,review,possible_blur,1024,768,100.90,19.90
Berlin,berlin_0218.jpg,accepted,,1024,768,91.58,1717.46
Berlin,berlin_0219.jpg,accepted,,1024,768,94.88,738.05
Berlin,berlin_0220.jpg,accepted,,1024,768,100.27,458.67
Berlin,berlin_0221.jpg,accepted,,1024,768,80.79,480.79
Berlin,berlin_0222.jpg,accepted,,1024,768,124.19,255.62
Berlin,berlin_0223.jpg,accepted,,1024,768,107.69,303.26
Berlin,berlin_0224.jpg,accepted,,1024,768,118.67,196.54
Berlin,berlin_0225.jpg,accepted,,1024,768,114.63,554.61
Berlin,berlin_0226.jpg,accepted,,1024,768,81.78,1614.56
Berlin,berlin_0227.jpg,accepted,,1024,768,122.44,1002.07
Berlin,berlin_0228.jpg,accepted,,1024,768,79.75,54.60
Berlin,berlin_0229.jpg,accepted,,1024,768,105.78,606.46
Berlin,berlin_0230.jpg,accepted,,1024,768,95.99,865.00
Berlin,berlin_0231.jpg,accepted,,1024,768,90.35,719.54
Berlin,berlin_0232.jpg,accepted,,1024,768,91.36,350.31
Berlin,berlin_0233.jpg,accepted,,1024,768,139.39,1055.04
Berlin,berlin_0234.jpg,accepted,,1024,768,121.99,36.28
Berlin,berlin_0235.jpg,accepted,,1024,768,97.51,593.15
Berlin,berlin_0236.jpg,accepted,,1024,768,136.55,586.42
Berlin,berlin_0237.jpg,accepted,,1024,768,129.51,655.66
Berlin,berlin_0238.jpg,accepted,,1024,768,84.25,77.08
Berlin,berlin_0239.jpg,accepted,,1024,768,77.46,605.74
Berlin,berlin_0240.jpg,accepted,,1024,768,82.86,725.39
Berlin,berlin_0241.jpg,accepted,,1024,768,103.82,1199.55
Berlin,berlin_0242.jpg,accepted,,1024,768,105.86,1725.42
Berlin,berlin_0243.jpg,accepted,,1024,768,78.30,344.11
Berlin,berlin_0244.jpg,accepted,,1024,768,90.01,907.66
Berlin,berlin_0245.jpg,accepted,,1024,768,81.09,767.83
Berlin,berlin_0246.jpg,accepted,,1024,768,136.75,660.36
Berlin,berlin_0247.jpg,accepted,,1024,768,116.62,1416.19
Berlin,berlin_0248.jpg,accepted,,1024,768,82.91,273.32
Berlin,berlin_0249.jpg,accepted,,1024,768,120.19,216.58
Berlin,berlin_0250.jpg,accepted,,1024,768,102.47,2064.19
Berlin,berlin_0251.jpg,accepted,,1024,768,88.31,745.99
Berlin,berlin_0252.jpg,accepted,,1024,576,111.36,2178.79
Berlin,berlin_0253.jpg,accepted,,1024,768,97.25,962.74
Berlin,berlin_0254.jpg,accepted,,1024,768,110.44,206.76
Berlin,berlin_0255.jpg,accepted,,1024,768,83.91,435.85
Berlin,berlin_0256.jpg,accepted,,1024,768,105.26,207.10
Berlin,berlin_0257.jpg,accepted,,1024,768,87.50,765.28
Berlin,berlin_0258.jpg,accepted,,1024,768,105.46,230.13
Berlin,berlin_0259.jpg,accepted,,1024,768,89.27,593.36
Berlin,berlin_0260.jpg,accepted,,1024,768,84.11,380.97
Berlin,berlin_0261.jpg,accepted,,1024,768,139.70,2672.41
Berlin,berlin_0262.jpg,accepted,,1024,768,129.98,815.56
Berlin,berlin_0263.jpg,accepted,,1024,768,95.52,859.71
Berlin,berlin_0264.jpg,accepted,,1024,768,83.39,403.38
Berlin,berlin_0265.jpg,accepted,,1024,768,96.79,1244.21
Berlin,berlin_0266.jpg,review,possible_blur,1024,768,95.73,33.96
Berlin,berlin_0267.jpg,accepted,,1024,768,92.97,71.66
Berlin,berlin_0268.jpg,accepted,,1024,768,90.78,87.65
Berlin,berlin_0269.jpg,accepted,,1024,768,89.96,132.78
Berlin,berlin_0270.jpg,accepted,,1024,768,93.48,534.03
Berlin,berlin_0271.jpg,accepted,,1024,768,119.35,3626.05
Berlin,berlin_0272.jpg,accepted,,1024,768,134.05,2771.89
Berlin,berlin_0273.jpg,accepted,,1024,768,100.69,1004.57
Berlin,berlin_0274.jpg,accepted,,1024,768,98.41,105.46
Berlin,berlin_0275.jpg,accepted,,1024,768,102.52,357.32
Berlin,berlin_0276.jpg,accepted,,1024,768,102.80,803.99
Berlin,berlin_0277.jpg,accepted,,1024,768,106.90,182.86
Berlin,berlin_0278.jpg,accepted,,1024,768,100.45,417.87
Berlin,berlin_0279.jpg,accepted,,1024,768,77.98,541.13
Berlin,berlin_0280.jpg,accepted,,1024,768,67.71,74.59
Berlin,berlin_0281.jpg,accepted,,1024,768,138.09,155.72
Berlin,berlin_0282.jpg,accepted,,1024,768,95.32,1786.42
Berlin,berlin_0283.jpg,accepted,,1024,768,81.67,402.28
Berlin,berlin_0284.jpg,accepted,,1024,768,108.18,37.93
Bratislava,bratislava_0001.jpg,accepted,,1024,768,118.33,950.58
Bratislava,bratislava_0002.jpg,accepted,,1024,576,119.83,1341.04
Bratislava,bratislava_0003.jpg,accepted,,1024,768,71.35,175.08
Bratislava,bratislava_0004.jpg,accepted,,1024,577,108.06,405.68
Bratislava,bratislava_0005.jpg,accepted,,1024,577,80.99,50.38
Bratislava,bratislava_0006.jpg,accepted,,1024,577,99.18,505.40
Bratislava,bratislava_0007.jpg,accepted,,1023,629,116.44,699.39
Bratislava,bratislava_0008.jpg,accepted,,1024,577,100.82,1939.53
Bratislava,bratislava_0009.jpg,accepted,,1024,577,86.51,291.91
Bratislava,bratislava_0010.jpg,accepted,,1024,576,77.02,181.11
Bratislava,bratislava_0011.jpg,accepted,,1024,768,132.18,868.87
Bratislava,bratislava_0012.jpg,accepted,,1024,577,93.56,176.17
Bratislava,bratislava_0013.jpg,accepted,,1023,634,105.14,965.07
Bratislava,bratislava_0014.jpg,accepted,,1024,768,103.85,462.98
Bratislava,bratislava_0015.jpg,accepted,,1024,576,98.50,433.66
Bratislava,bratislava_0016.jpg,accepted,,1024,576,81.98,427.74
Bratislava,bratislava_0017.jpg,accepted,,1024,577,83.60,181.24
Bratislava,bratislava_0018.jpg,accepted,,1023,629,152.44,742.48
Bratislava,bratislava_0019.jpg,accepted,,1024,768,133.49,392.92
Bratislava,bratislava_0020.jpg,accepted,,1024,768,73.41,127.66
Bratislava,bratislava_0021.jpg,accepted,,1024,576,56.34,405.48
Bratislava,bratislava_0022.jpg,accepted,,1023,634,118.82,194.46
Bratislava,bratislava_0023.jpg,accepted,,1024,768,148.60,1035.50
Bratislava,bratislava_0024.jpg,accepted,,1024,576,88.21,139.27
Bratislava,bratislava_0025.jpg,accepted,,1024,768,129.01,1396.28
Bratislava,bratislava_0026.jpg,accepted,,1024,576,106.64,232.50
Bratislava,bratislava_0027.jpg,accepted,,1024,768,130.86,732.26
Bratislava,bratislava_0028.jpg,accepted,,1024,576,145.80,335.30
Bratislava,bratislava_0029.jpg,accepted,,1024,576,96.88,401.57
Bratislava,bratislava_0030.jpg,accepted,,1024,768,136.03,1941.64
Bratislava,bratislava_0031.jpg,accepted,,1024,576,68.78,241.02
Bratislava,bratislava_0032.jpg,accepted,,1024,768,99.87,1728.37
Bratislava,bratislava_0033.jpg,accepted,,1024,576,116.14,960.83
Bratislava,bratislava_0034.jpg,accepted,,1024,768,129.31,1234.83
Bratislava,bratislava_0035.jpg,accepted,,1024,768,89.15,561.86
Bratislava,bratislava_0036.jpg,accepted,,1024,577,121.99,233.21
Bratislava,bratislava_0037.jpg,accepted,,1024,768,106.84,885.09
Bratislava,bratislava_0038.jpg,accepted,,1024,576,109.63,269.91
Bratislava,bratislava_0039.jpg,accepted,,1024,576,93.99,190.08
Bratislava,bratislava_0040.jpg,accepted,,1024,768,132.06,684.63
Bratislava,bratislava_0041.jpg,accepted,,1024,768,88.74,382.72
Bratislava,bratislava_0042.jpg,accepted,,1024,768,95.21,1701.32
Bratislava,bratislava_0043.jpg,accepted,,1024,576,92.76,679.34
Bratislava,bratislava_0044.jpg,accepted,,1024,576,163.27,319.85
Bratislava,bratislava_0045.jpg,accepted,,1024,576,110.53,350.37
Bratislava,bratislava_0046.jpg,accepted,,1024,577,96.08,2652.00
Bratislava,bratislava_0047.jpg,accepted,,1024,768,141.89,752.54
Bratislava,bratislava_0048.jpg,accepted,,1024,576,47.26,291.61
Bratislava,bratislava_0049.jpg,accepted,,1024,806,104.21,284.54
Bratislava,bratislava_0050.jpg,accepted,,1023,629,117.05,533.57
Bratislava,bratislava_0051.jpg,accepted,,1024,576,136.98,349.57
Bratislava,bratislava_0052.jpg,accepted,,1024,576,111.51,329.20
Bratislava,bratislava_0053.jpg,accepted,,1024,576,94.25,694.10
Bratislava,bratislava_0054.jpg,accepted,,1024,576,183.12,237.20
Bratislava,bratislava_0055.jpg,accepted,,1024,577,109.27,968.00
Bratislava,bratislava_0056.jpg,accepted,,1024,576,177.58,631.53
Bratislava,bratislava_0057.jpg,accepted,,1024,576,56.12,152.08
Bratislava,bratislava_0058.jpg,accepted,,1024,576,102.62,655.79
Bratislava,bratislava_0059.jpg,accepted,,1024,768,121.88,1537.64
Bratislava,bratislava_0060.jpg,accepted,,1024,768,117.11,248.54
Bratislava,bratislava_0061.jpg,accepted,,1024,577,99.59,809.63
Bratislava,bratislava_0062.jpg,accepted,,1024,576,73.80,479.61
Bratislava,bratislava_0063.jpg,accepted,,1024,768,154.77,360.34
Bratislava,bratislava_0064.jpg,accepted,,1024,768,115.22,1727.69
Bratislava,bratislava_0065.jpg,accepted,,1023,629,148.96,1178.93
Bratislava,bratislava_0066.jpg,accepted,,1024,768,130.49,770.75
Bratislava,bratislava_0067.jpg,review,possible_blur,1024,577,115.58,12.24
Bratislava,bratislava_0068.jpg,accepted,,1024,576,38.36,105.46
Bratislava,bratislava_0069.jpg,accepted,,1024,576,183.87,65.19
Bratislava,bratislava_0070.jpg,accepted,,1024,576,85.91,456.48
Bratislava,bratislava_0071.jpg,accepted,,1023,629,131.92,1337.69
Bratislava,bratislava_0072.jpg,accepted,,1024,577,112.44,773.68
Bratislava,bratislava_0073.jpg,accepted,,1024,577,91.92,398.28
Bratislava,bratislava_0074.jpg,accepted,,1024,768,84.56,410.99
Bratislava,bratislava_0075.jpg,accepted,,1024,577,83.34,796.27
Bratislava,bratislava_0076.jpg,accepted,,1024,576,148.46,865.83
Bratislava,bratislava_0077.jpg,accepted,,1024,577,97.50,476.45
Bratislava,bratislava_0078.jpg,accepted,,1024,768,132.31,1961.09
Bratislava,bratislava_0079.jpg,accepted,,1024,577,104.62,1056.63
Bratislava,bratislava_0080.jpg,accepted,,1024,577,111.79,559.31
Bratislava,bratislava_0081.jpg,accepted,,1024,768,113.59,833.58
Bratislava,bratislava_0082.jpg,accepted,,1024,768,129.70,673.72
Bratislava,bratislava_0083.jpg,review,possible_blur,1024,577,127.15,20.36
Bratislava,bratislava_0084.jpg,accepted,,1024,768,130.80,1371.19
Bratislava,bratislava_0085.jpg,accepted,,1024,768,139.02,932.68
Bratislava,bratislava_0086.jpg,accepted,,1024,768,123.87,832.68
Bratislava,bratislava_0087.jpg,accepted,,1024,576,112.90,790.85
Bratislava,bratislava_0088.jpg,accepted,,1024,577,96.87,2660.31
Bratislava,bratislava_0089.jpg,accepted,,1024,768,107.72,444.54
Bratislava,bratislava_0090.jpg,accepted,,1024,576,114.94,1310.50
Bratislava,bratislava_0091.jpg,review,possible_blur,1024,576,30.29,31.22
Bratislava,bratislava_0092.jpg,accepted,,1024,768,118.64,522.28
Bratislava,bratislava_0093.jpg,accepted,,1024,768,89.00,1463.92
Bratislava,bratislava_0094.jpg,accepted,,1024,768,136.19,821.85
Bratislava,bratislava_0095.jpg,accepted,,1024,768,116.16,875.39
Bratislava,bratislava_0096.jpg,accepted,,1024,768,80.79,1143.67
Bratislava,bratislava_0097.jpg,accepted,,1024,576,186.55,116.23
Bratislava,bratislava_0098.jpg,accepted,,1024,576,104.50,716.84
Bratislava,bratislava_0099.jpg,accepted,,1024,577,106.52,349.25
Bratislava,bratislava_0100.jpg,accepted,,1024,576,113.85,1820.24
Bratislava,bratislava_0101.jpg,accepted,,1024,768,120.17,827.43
Bratislava,bratislava_0102.jpg,accepted,,1024,577,97.47,445.92
Bratislava,bratislava_0103.jpg,accepted,,1024,577,103.73,57.00
Bratislava,bratislava_0104.jpg,accepted,,1024,768,88.92,1120.70
Bratislava,bratislava_0105.jpg,accepted,,1024,576,95.74,255.67
Bratislava,bratislava_0106.jpg,accepted,,1024,768,135.70,988.60
Bratislava,bratislava_0107.jpg,accepted,,1024,576,180.85,274.21
Bratislava,bratislava_0108.jpg,accepted,,1024,768,108.26,828.70
Bratislava,bratislava_0109.jpg,accepted,,1024,768,156.61,360.34
Bratislava,bratislava_0110.jpg,accepted,,1024,576,98.93,201.63
Bratislava,bratislava_0111.jpg,accepted,,1024,576,52.09,247.31
Bratislava,bratislava_0112.jpg,accepted,,1024,768,140.42,1693.20
Bratislava,bratislava_0113.jpg,accepted,,1024,768,124.70,1852.21
Bratislava,bratislava_0114.jpg,accepted,,1024,576,86.00,79.49
Bratislava,bratislava_0115.jpg,accepted,,1024,768,104.40,608.05
Bratislava,bratislava_0116.jpg,accepted,,1024,768,65.09,766.70
Bratislava,bratislava_0117.jpg,accepted,,1024,576,96.04,1027.52
Bratislava,bratislava_0118.jpg,accepted,,1024,576,85.11,809.90
Bratislava,bratislava_0119.jpg,review,possible_blur,1024,577,120.13,19.40
Bratislava,bratislava_0120.jpg,accepted,,1024,768,68.93,626.34
Bratislava,bratislava_0121.jpg,review,possible_near_duplicate_of:bratislava_0058.jpg,1024,576,91.73,620.40
Bratislava,bratislava_0122.jpg,accepted,,1024,576,99.16,258.54
Bratislava,bratislava_0123.jpg,accepted,,1024,577,112.18,878.37
Bratislava,bratislava_0124.jpg,accepted,,1024,576,99.10,526.50
Bratislava,bratislava_0125.jpg,accepted,,1024,768,83.42,752.59
Bratislava,bratislava_0126.jpg,accepted,,1024,576,35.95,102.28
Bratislava,bratislava_0127.jpg,accepted,,1024,768,88.20,363.51
Bratislava,bratislava_0128.jpg,accepted,,1024,768,132.73,752.51
Bratislava,bratislava_0129.jpg,accepted,,1024,576,83.14,962.02
Bratislava,bratislava_0130.jpg,accepted,,1024,576,141.45,831.24
Bratislava,bratislava_0131.jpg,accepted,,576,768,67.40,807.78
Bratislava,bratislava_0132.jpg,accepted,,1023,1529,158.94,846.49
Bratislava,bratislava_0133.jpg,accepted,,1024,768,109.16,1041.61
Bratislava,bratislava_0134.jpg,accepted,,1024,576,127.59,337.87
Bratislava,bratislava_0135.jpg,accepted,,1024,577,106.50,74.80
Bratislava,bratislava_0136.jpg,accepted,,1024,577,94.56,87.86
Bratislava,bratislava_0137.jpg,accepted,,1024,577,98.54,286.92
Bratislava,bratislava_0138.jpg,accepted,,1024,768,132.93,1360.85
Bratislava,bratislava_0139.jpg,accepted,,1024,768,120.60,675.60
Bratislava,bratislava_0140.jpg,accepted,,1024,768,127.41,1172.96
Bratislava,bratislava_0141.jpg,accepted,,1024,768,121.26,1753.85
Bratislava,bratislava_0142.jpg,accepted,,1024,768,131.24,1688.19
Bratislava,bratislava_0143.jpg,accepted,,1024,768,117.72,677.54
Bratislava,bratislava_0144.jpg,accepted,,1024,768,140.06,1237.64
Bratislava,bratislava_0145.jpg,accepted,,1024,768,112.25,1715.74
Bratislava,bratislava_0146.jpg,accepted,,1024,576,117.12,1480.68
Bratislava,bratislava_0147.jpg,accepted,,1024,768,100.69,190.80
Bratislava,bratislava_0148.jpg,accepted,,1024,577,106.46,42.52
Bratislava,bratislava_0149.jpg,accepted,,1024,577,105.30,413.64
Bratislava,bratislava_0150.jpg,accepted,,1024,580,71.35,878.18
Bratislava,bratislava_0151.jpg,accepted,,1024,580,115.66,2954.66
Bratislava,bratislava_0152.jpg,accepted,,1024,576,91.24,535.16
Bratislava,bratislava_0153.jpg,accepted,,1024,577,108.42,576.64
Bratislava,bratislava_0154.jpg,accepted,,1024,577,101.16,99.55
Bratislava,bratislava_0155.jpg,accepted,,1024,577,105.82,71.94
Bratislava,bratislava_0156.jpg,accepted,,1024,577,84.70,1575.34
Bratislava,bratislava_0157.jpg,accepted,,1024,577,94.09,1055.70
Bratislava,bratislava_0158.jpg,accepted,,1024,576,124.26,102.35
Bratislava,bratislava_0159.jpg,accepted,,1024,768,119.18,1460.39
Bratislava,bratislava_0160.jpg,accepted,,1024,768,115.83,2093.94
Bratislava,bratislava_0161.jpg,accepted,,1024,577,120.18,245.20
Bratislava,bratislava_0162.jpg,accepted,,576,768,82.82,606.36
Bratislava,bratislava_0163.jpg,accepted,,1024,576,103.47,351.59
Bratislava,bratislava_0164.jpg,accepted,,1024,768,147.88,142.19
Bratislava,bratislava_0165.jpg,accepted,,1024,577,100.35,59.29
Bratislava,bratislava_0166.jpg,accepted,,1024,768,107.54,1395.37
Bratislava,bratislava_0167.jpg,accepted,,1023,768,148.91,463.09
Bratislava,bratislava_0168.jpg,accepted,,1024,768,103.97,1251.85
Bratislava,bratislava_0169.jpg,accepted,,1024,768,140.78,1409.29
Bratislava,bratislava_0170.jpg,accepted,,1024,577,105.07,2910.35
Bratislava,bratislava_0171.jpg,review,possible_blur,1024,577,99.21,13.03
Bratislava,bratislava_0172.jpg,accepted,,1024,768,127.72,1042.94
Bratislava,bratislava_0173.jpg,accepted,,1024,768,100.40,2313.65
Bratislava,bratislava_0174.jpg,accepted,,1024,577,94.62,2415.16
Bratislava,bratislava_0175.jpg,accepted,,1024,576,63.90,123.42
Bratislava,bratislava_0176.jpg,accepted,,1024,576,135.81,413.09
Bratislava,bratislava_0177.jpg,accepted,,1024,577,89.66,665.25
Bratislava,bratislava_0178.jpg,accepted,,1024,577,100.33,58.16
Bratislava,bratislava_0179.jpg,accepted,,1024,576,138.98,562.77
Bratislava,bratislava_0180.jpg,accepted,,1024,577,99.51,113.13
Bratislava,bratislava_0181.jpg,accepted,,1024,576,92.80,1180.82
Bratislava,bratislava_0182.jpg,accepted,,1024,768,87.12,1445.07
Bratislava,bratislava_0183.jpg,accepted,,1024,577,97.03,2322.36
Bratislava,bratislava_0184.jpg,accepted,,1024,576,100.11,339.90
Bratislava,bratislava_0185.jpg,accepted,,1024,577,111.06,1864.40
Bratislava,bratislava_0186.jpg,accepted,,1024,576,98.89,522.02
Bratislava,bratislava_0187.jpg,accepted,,1024,768,112.27,2098.85
Bratislava,bratislava_0188.jpg,accepted,,1024,577,104.02,95.27
Bratislava,bratislava_0189.jpg,accepted,,1024,768,112.81,517.45
Bratislava,bratislava_0190.jpg,accepted,,1024,768,143.58,182.17
Bratislava,bratislava_0191.jpg,accepted,,1024,577,109.79,765.04
Bratislava,bratislava_0192.jpg,accepted,,1024,577,109.13,426.90
Bratislava,bratislava_0193.jpg,accepted,,1024,768,123.29,73.30
Bratislava,bratislava_0194.jpg,accepted,,1024,577,106.37,333.38
Bratislava,bratislava_0195.jpg,accepted,,1024,768,101.59,2050.28
Bratislava,bratislava_0196.jpg,accepted,,1024,576,39.26,191.78
Bratislava,bratislava_0197.jpg,accepted,,1024,577,127.51,99.47
Bratislava,bratislava_0198.jpg,accepted,,1024,768,117.95,388.97
Bratislava,bratislava_0199.jpg,accepted,,1024,577,88.66,66.02
Bratislava,bratislava_0200.jpg,accepted,,1024,768,100.48,529.66
Bratislava,bratislava_0201.jpg,accepted,,1024,577,95.13,331.31
Bratislava,bratislava_0202.jpg,accepted,,1024,577,107.75,115.20
Bratislava,bratislava_0203.jpg,accepted,,1024,580,135.00,1075.33
Bratislava,bratislava_0204.jpg,accepted,,1024,768,117.80,909.44
Bratislava,bratislava_0205.jpg,accepted,,1023,1529,167.87,923.40
Bratislava,bratislava_0206.jpg,accepted,,1024,806,93.76,240.97
Bratislava,bratislava_0207.jpg,accepted,,1024,577,110.58,573.28
Bratislava,bratislava_0208.jpg,accepted,,1023,768,141.67,856.08
Bratislava,bratislava_0209.jpg,accepted,,1024,768,116.30,2440.56
Bratislava,bratislava_0210.jpg,accepted,,1024,576,20.35,48.48
Bratislava,bratislava_0211.jpg,accepted,,1023,768,115.63,2653.20
Bratislava,bratislava_0212.jpg,accepted,,1024,768,117.08,1127.12
Bratislava,bratislava_0213.jpg,accepted,,1024,768,96.16,218.17
Bratislava,bratislava_0214.jpg,accepted,,1024,576,83.45,493.54
Bratislava,bratislava_0215.jpg,accepted,,1024,768,118.74,955.59
Bratislava,bratislava_0216.jpg,accepted,,1024,768,131.88,2055.79
Bratislava,bratislava_0217.jpg,accepted,,1024,768,116.90,1476.37
Bratislava,bratislava_0218.jpg,accepted,,1024,577,127.30,84.56
Bratislava,bratislava_0219.jpg,accepted,,1024,768,130.50,336.10
Bratislava,bratislava_0220.jpg,accepted,,1024,768,112.55,1887.96
Bratislava,bratislava_0221.jpg,accepted,,1024,577,100.84,877.48
Bratislava,bratislava_0222.jpg,accepted,,1024,577,116.45,496.46
Bratislava,bratislava_0223.jpg,accepted,,1024,577,85.98,1086.70
Bratislava,bratislava_0224.jpg,accepted,,1024,768,127.18,256.45
Bratislava,bratislava_0225.jpg,accepted,,1024,768,83.85,667.11
Bratislava,bratislava_0226.jpg,accepted,,1024,768,157.49,1310.07
Bratislava,bratislava_0227.jpg,accepted,,1024,577,85.09,1363.98
Bratislava,bratislava_0228.jpg,accepted,,1024,768,103.88,515.66
Bratislava,bratislava_0229.jpg,accepted,,1024,577,106.20,125.68
Bratislava,bratislava_0230.jpg,accepted,,1024,768,133.66,863.95
Bratislava,bratislava_0231.jpg,accepted,,1024,576,97.67,627.99
Bratislava,bratislava_0232.jpg,accepted,,1024,768,101.64,840.39
Bratislava,bratislava_0233.jpg,accepted,,1024,768,142.01,127.44
Bratislava,bratislava_0234.jpg,accepted,,1024,576,107.00,312.30
Bratislava,bratislava_0235.jpg,accepted,,1024,768,135.80,985.83
Bratislava,bratislava_0236.jpg,accepted,,1024,577,98.53,1300.15
Bratislava,bratislava_0237.jpg,accepted,,1024,577,105.92,1041.74
Bratislava,bratislava_0238.jpg,accepted,,1024,576,53.02,116.75
Bratislava,bratislava_0239.jpg,accepted,,1024,768,124.26,1627.19
Bratislava,bratislava_0240.jpg,accepted,,1024,577,116.73,1878.59
Bratislava,bratislava_0241.jpg,accepted,,1021,322,138.67,1950.64
Bratislava,bratislava_0242.jpg,accepted,,1024,768,161.89,658.99
Bratislava,bratislava_0243.jpg,accepted,,1024,768,125.31,702.62
Bratislava,bratislava_0244.jpg,accepted,,1024,768,101.37,1697.81
Bratislava,bratislava_0245.jpg,accepted,,1024,576,57.83,261.23
Bratislava,bratislava_0246.jpg,accepted,,1024,577,113.71,49.68
Bratislava,bratislava_0247.jpg,accepted,,1024,577,103.21,519.19
Bratislava,bratislava_0248.jpg,accepted,,1024,576,148.11,76.27
Bratislava,bratislava_0249.jpg,accepted,,1024,768,128.75,83.27
Bratislava,bratislava_0250.jpg,accepted,,1024,577,119.42,52.20
Bratislava,bratislava_0251.jpg,accepted,,1024,577,106.66,105.93
Bratislava,bratislava_0252.jpg,accepted,,1024,768,136.08,427.12
Bratislava,bratislava_0253.jpg,accepted,,1024,577,114.86,2953.50
Bratislava,bratislava_0254.jpg,accepted,,1024,577,100.15,856.49
Bratislava,bratislava_0255.jpg,accepted,,1024,576,103.46,241.81
Bratislava,bratislava_0256.jpg,accepted,,1023,629,154.10,658.48
Bratislava,bratislava_0257.jpg,accepted,,1024,768,71.41,662.50
Bratislava,bratislava_0258.jpg,accepted,,1024,577,110.97,2340.83
Bratislava,bratislava_0259.jpg,review,possible_blur,1024,577,97.67,24.88
Bratislava,bratislava_0260.jpg,accepted,,1024,577,117.85,531.14
Bratislava,bratislava_0261.jpg,accepted,,1024,768,88.36,3003.64
Bratislava,bratislava_0262.jpg,accepted,,1024,768,136.45,77.89
Bratislava,bratislava_0263.jpg,review,possible_blur,1024,577,125.42,18.83
Bratislava,bratislava_0264.jpg,accepted,,1024,577,115.19,1018.71
Bratislava,bratislava_0265.jpg,accepted,,1023,768,135.11,202.35
Bratislava,bratislava_0266.jpg,accepted,,1024,680,165.84,1254.87
Bratislava,bratislava_0267.jpg,accepted,,1024,768,117.32,1038.45
Bratislava,bratislava_0268.jpg,accepted,,1024,768,89.50,215.69
Bratislava,bratislava_0269.jpg,accepted,,1024,768,89.56,287.60
Bratislava,bratislava_0270.jpg,accepted,,1024,768,117.58,1381.08
Bratislava,bratislava_0271.jpg,accepted,,1024,768,96.44,2417.13
Bratislava,bratislava_0272.jpg,accepted,,1024,768,88.34,534.52
Bratislava,bratislava_0273.jpg,accepted,,1024,576,103.45,1389.82
Bratislava,bratislava_0274.jpg,accepted,,1024,577,122.89,35.74
Bratislava,bratislava_0275.jpg,accepted,,1024,577,114.99,146.88
Bratislava,bratislava_0276.jpg,review,possible_blur,1024,577,104.10,6.16
Bratislava,bratislava_0277.jpg,accepted,,1024,768,97.13,1031.54
Bratislava,bratislava_0278.jpg,accepted,,1024,768,129.90,1017.76
Bratislava,bratislava_0279.jpg,accepted,,1024,576,48.92,124.83
Bratislava,bratislava_0280.jpg,review,possible_blur,1024,577,123.79,7.63
Bratislava,bratislava_0281.jpg,accepted,,1024,576,98.14,565.04
Bratislava,bratislava_0282.jpg,accepted,,1024,577,96.54,916.31
Bratislava,bratislava_0283.jpg,accepted,,1024,577,128.70,862.49
Bratislava,bratislava_0284.jpg,accepted,,1023,778,108.58,803.97
Bratislava,bratislava_0285.jpg,accepted,,1023,778,117.61,477.51
Bratislava,bratislava_0286.jpg,accepted,,1024,768,104.86,1799.95
Bratislava,bratislava_0287.jpg,accepted,,1024,576,157.04,257.15
Bratislava,bratislava_0288.jpg,accepted,,1024,768,118.72,1260.61
Bratislava,bratislava_0289.jpg,accepted,,1024,768,116.57,746.77
Bratislava,bratislava_0290.jpg,accepted,,1024,577,117.34,1574.62
Bratislava,bratislava_0291.jpg,accepted,,1024,768,109.79,1005.48
Bratislava,bratislava_0292.jpg,accepted,,1024,577,122.25,629.76
Bratislava,bratislava_0293.jpg,accepted,,1024,768,121.95,693.94
Bratislava,bratislava_0294.jpg,accepted,,1024,577,121.53,40.88
Bratislava,bratislava_0295.jpg,accepted,,1024,768,104.76,724.67
Bratislava,bratislava_0296.jpg,accepted,,1024,768,73.86,994.52
Bratislava,bratislava_0297.jpg,accepted,,1024,577,104.05,1687.71
Bratislava,bratislava_0298.jpg,accepted,,1024,768,123.39,1326.79
Bratislava,bratislava_0299.jpg,accepted,,1023,634,104.23,898.42
Bratislava,bratislava_0300.jpg,accepted,,1024,768,75.83,69.57
Bratislava,bratislava_0301.jpg,accepted,,1024,577,96.16,78.20
Bratislava,bratislava_0302.jpg,accepted,,1024,577,96.19,1308.96
Bratislava,bratislava_0303.jpg,accepted,,1023,634,107.37,394.45
Bratislava,bratislava_0304.jpg,accepted,,1024,576,104.05,499.75
Bratislava,bratislava_0305.jpg,accepted,,1023,778,106.16,2385.92
Bratislava,bratislava_0306.jpg,accepted,,1024,577,83.40,822.07
Bratislava,bratislava_0307.jpg,accepted,,1024,577,115.41,1010.39
Bratislava,bratislava_0308.jpg,review,possible_blur,1024,577,79.20,22.72
Bratislava,bratislava_0309.jpg,accepted,,1024,577,108.92,3010.29
Bratislava,bratislava_0310.jpg,accepted,,1024,576,51.35,76.02
Bratislava,bratislava_0311.jpg,accepted,,1024,577,100.49,1804.35
Bratislava,bratislava_0312.jpg,accepted,,1024,576,101.70,298.93
Bratislava,bratislava_0313.jpg,accepted,,1024,577,103.05,590.83
Bratislava,bratislava_0314.jpg,accepted,,1024,768,106.00,1349.79
Bratislava,bratislava_0315.jpg,accepted,,1024,768,104.96,273.06
Bratislava,bratislava_0316.jpg,accepted,,1024,768,123.95,438.13
Brussels,brussels_0001.jpg,accepted,,1024,768,76.18,1029.60
Brussels,brussels_0002.jpg,accepted,,1024,768,115.44,615.93
Brussels,brussels_0003.jpg,accepted,,1024,768,111.52,2731.22
Brussels,brussels_0004.jpg,accepted,,1024,768,106.42,760.35
Brussels,brussels_0005.jpg,accepted,,1024,768,134.54,1135.29
Brussels,brussels_0006.jpg,accepted,,1024,768,138.22,2254.68
Brussels,brussels_0007.jpg,accepted,,1024,768,117.09,1909.21
Brussels,brussels_0008.jpg,accepted,,1024,768,88.19,211.73
Brussels,brussels_0009.jpg,accepted,,1024,768,118.69,929.15
Brussels,brussels_0010.jpg,accepted,,1024,768,88.88,571.35
Brussels,brussels_0011.jpg,accepted,,1024,768,73.81,1309.18
Brussels,brussels_0012.jpg,accepted,,1024,768,63.91,984.48
Brussels,brussels_0013.jpg,accepted,,1024,768,135.69,895.13
Brussels,brussels_0014.jpg,accepted,,1024,576,112.24,1098.99
Brussels,brussels_0015.jpg,accepted,,1024,768,138.43,1196.01
Brussels,brussels_0016.jpg,accepted,,1024,768,102.82,907.26
Brussels,brussels_0017.jpg,accepted,,1024,768,139.35,1889.10
Brussels,brussels_0018.jpg,accepted,,1024,768,70.97,541.24
Brussels,brussels_0019.jpg,accepted,,1024,768,85.13,1683.17
Brussels,brussels_0020.jpg,accepted,,1024,768,125.25,656.40
Brussels,brussels_0021.jpg,accepted,,1024,768,146.68,1894.07
Brussels,brussels_0022.jpg,accepted,,1024,768,90.53,367.69
Brussels,brussels_0023.jpg,accepted,,1024,576,111.54,833.58
Brussels,brussels_0024.jpg,accepted,,1024,768,140.23,2332.16
Brussels,brussels_0025.jpg,accepted,,1024,768,62.52,316.46
Brussels,brussels_0026.jpg,accepted,,1024,768,152.29,270.06
Brussels,brussels_0027.jpg,accepted,,1024,768,126.15,1297.44
Brussels,brussels_0028.jpg,accepted,,1024,576,92.46,1327.45
Brussels,brussels_0029.jpg,accepted,,1024,768,140.25,1154.66
Brussels,brussels_0030.jpg,accepted,,1024,768,128.82,1984.31
Brussels,brussels_0031.jpg,accepted,,1024,768,141.02,2290.09
Brussels,brussels_0032.jpg,accepted,,1024,768,124.28,435.21
Brussels,brussels_0033.jpg,accepted,,1024,768,141.80,286.86
Brussels,brussels_0034.jpg,accepted,,1024,768,90.59,515.01
Brussels,brussels_0035.jpg,accepted,,1024,768,96.47,770.76
Brussels,brussels_0036.jpg,review,possible_blur,1024,768,130.49,27.52
Brussels,brussels_0037.jpg,accepted,,1024,768,114.14,766.19
Brussels,brussels_0038.jpg,accepted,,1024,768,138.51,553.53
Brussels,brussels_0039.jpg,accepted,,1024,768,147.76,566.84
Brussels,brussels_0040.jpg,accepted,,1024,768,114.48,63.26
Brussels,brussels_0041.jpg,accepted,,1024,768,119.61,1095.94
Brussels,brussels_0042.jpg,accepted,,1024,768,123.60,2512.41
Brussels,brussels_0043.jpg,accepted,,1024,576,139.37,2288.72
Brussels,brussels_0044.jpg,accepted,,1024,768,133.18,1015.82
Brussels,brussels_0045.jpg,accepted,,1024,576,75.11,739.71
Brussels,brussels_0046.jpg,accepted,,1024,768,127.76,45.69
Brussels,brussels_0047.jpg,accepted,,1024,576,110.10,566.68
Brussels,brussels_0048.jpg,accepted,,1024,768,54.56,690.83
Brussels,brussels_0049.jpg,accepted,,1024,768,104.29,874.99
Brussels,brussels_0050.jpg,accepted,,1024,768,92.24,481.51
Brussels,brussels_0051.jpg,accepted,,1024,768,120.99,577.00
Brussels,brussels_0052.jpg,accepted,,1024,768,91.60,1508.92
Brussels,brussels_0053.jpg,accepted,,1024,576,129.66,892.14
Brussels,brussels_0054.jpg,accepted,,1024,768,137.64,601.79
Brussels,brussels_0055.jpg,accepted,,1024,768,107.89,810.71
Brussels,brussels_0056.jpg,accepted,,1024,768,140.59,408.49
Brussels,brussels_0057.jpg,accepted,,1024,768,92.52,357.77
Brussels,brussels_0058.jpg,accepted,,1024,768,126.73,2682.39
Brussels,brussels_0059.jpg,accepted,,1024,768,120.19,1078.61
Brussels,brussels_0060.jpg,accepted,,1024,576,123.93,1059.33
Brussels,brussels_0061.jpg,accepted,,1024,768,137.76,1477.62
Brussels,brussels_0062.jpg,accepted,,1024,768,139.11,2013.33
Brussels,brussels_0063.jpg,accepted,,1024,768,134.88,1725.67
Brussels,brussels_0064.jpg,accepted,,1024,768,89.87,1051.12
Brussels,brussels_0065.jpg,accepted,,1024,768,68.41,377.46
Brussels,brussels_0066.jpg,accepted,,1024,768,129.28,717.68
Brussels,brussels_0067.jpg,accepted,,1024,768,81.63,2589.50
Brussels,brussels_0068.jpg,accepted,,1024,768,94.68,662.34
Brussels,brussels_0069.jpg,accepted,,1024,768,115.49,1192.28
Brussels,brussels_0070.jpg,accepted,,1024,768,126.29,197.31
Brussels,brussels_0071.jpg,accepted,,1024,768,80.53,773.15
Brussels,brussels_0072.jpg,review,possible_blur,1024,768,97.15,8.08
Brussels,brussels_0073.jpg,accepted,,1024,768,129.24,871.49
Brussels,brussels_0074.jpg,accepted,,1024,576,95.74,746.78
Brussels,brussels_0075.jpg,accepted,,1024,768,126.38,1558.35
Brussels,brussels_0076.jpg,accepted,,1024,768,134.17,2419.62
Brussels,brussels_0077.jpg,accepted,,1024,768,134.86,1114.12
Brussels,brussels_0078.jpg,accepted,,1024,768,135.33,499.36
Brussels,brussels_0079.jpg,accepted,,1024,771,113.76,861.17
Brussels,brussels_0080.jpg,accepted,,1024,768,91.30,287.78
Brussels,brussels_0081.jpg,accepted,,1024,768,135.35,2292.72
Brussels,brussels_0082.jpg,accepted,,1024,768,104.46,1234.42
Brussels,brussels_0083.jpg,accepted,,1024,768,155.12,1051.86
Brussels,brussels_0084.jpg,accepted,,1024,768,115.72,1380.56
Brussels,brussels_0085.jpg,accepted,,1024,768,52.47,768.41
Brussels,brussels_0086.jpg,review,possible_blur,1024,768,123.39,8.47
Brussels,brussels_0087.jpg,accepted,,1024,768,97.32,420.60
Brussels,brussels_0088.jpg,accepted,,1024,768,147.83,1332.90
Brussels,brussels_0089.jpg,accepted,,1024,768,122.64,178.04
Brussels,brussels_0090.jpg,accepted,,1024,768,97.86,1319.85
Brussels,brussels_0091.jpg,accepted,,1024,768,129.15,555.99
Brussels,brussels_0092.jpg,accepted,,1024,768,134.42,1361.00
Brussels,brussels_0093.jpg,accepted,,1024,768,111.23,1890.42
Brussels,brussels_0094.jpg,accepted,,1024,768,102.90,917.50
Brussels,brussels_0095.jpg,accepted,,1024,768,82.72,860.15
Brussels,brussels_0096.jpg,accepted,,1024,768,116.00,608.56
Brussels,brussels_0097.jpg,accepted,,1024,768,137.97,826.70
Brussels,brussels_0098.jpg,accepted,,1024,768,108.37,1302.50
Brussels,brussels_0099.jpg,accepted,,1024,576,116.06,1434.65
Brussels,brussels_0100.jpg,accepted,,1024,576,94.00,2001.20
Brussels,brussels_0101.jpg,accepted,,1024,768,117.56,499.47
Brussels,brussels_0102.jpg,accepted,,1024,768,85.73,681.98
Brussels,brussels_0103.jpg,accepted,,1024,768,124.85,196.50
Brussels,brussels_0104.jpg,accepted,,1024,768,85.38,678.12
Brussels,brussels_0105.jpg,accepted,,1024,576,68.60,1960.62
Brussels,brussels_0106.jpg,accepted,,1024,768,153.52,2544.07
Brussels,brussels_0107.jpg,accepted,,1024,768,170.07,1079.29
Brussels,brussels_0108.jpg,accepted,,1024,576,114.52,801.95
Brussels,brussels_0109.jpg,accepted,,1024,768,103.23,1361.11
Brussels,brussels_0110.jpg,accepted,,1024,768,136.44,1371.82
Brussels,brussels_0111.jpg,accepted,,1024,768,63.15,506.09
Brussels,brussels_0112.jpg,accepted,,1024,768,106.64,1989.46
Brussels,brussels_0113.jpg,accepted,,1024,768,107.58,965.42
Brussels,brussels_0114.jpg,accepted,,1024,768,98.74,1344.38
Brussels,brussels_0115.jpg,accepted,,1024,768,121.75,2338.45
Brussels,brussels_0116.jpg,accepted,,1024,576,114.58,1956.55
Brussels,brussels_0117.jpg,accepted,,1024,576,94.77,1502.85
Brussels,brussels_0118.jpg,accepted,,1024,768,112.18,1545.46
Brussels,brussels_0119.jpg,accepted,,1024,768,116.21,1395.99
Brussels,brussels_0120.jpg,accepted,,1024,768,118.31,137.46
Brussels,brussels_0121.jpg,accepted,,1024,768,101.89,2515.12
Brussels,brussels_0122.jpg,accepted,,1024,576,103.66,1438.40
Brussels,brussels_0123.jpg,accepted,,1024,576,104.53,920.85
Brussels,brussels_0124.jpg,accepted,,1024,768,84.47,56.45
Brussels,brussels_0125.jpg,accepted,,1024,768,95.59,774.93
Brussels,brussels_0126.jpg,accepted,,1024,768,112.76,327.30
Brussels,brussels_0127.jpg,accepted,,1024,768,94.56,351.99
Brussels,brussels_0128.jpg,accepted,,1024,576,149.02,230.15
Brussels,brussels_0129.jpg,accepted,,1024,768,127.02,1604.39
Brussels,brussels_0130.jpg,accepted,,1024,576,123.85,1318.88
Brussels,brussels_0131.jpg,accepted,,1024,768,69.71,950.49
Brussels,brussels_0132.jpg,accepted,,1024,768,113.00,356.80
Brussels,brussels_0133.jpg,accepted,,1024,768,72.77,852.86
Brussels,brussels_0134.jpg,accepted,,1024,768,124.91,753.47
Brussels,brussels_0135.jpg,accepted,,1024,768,120.31,645.09
Brussels,brussels_0136.jpg,accepted,,1024,768,126.60,2702.88
Brussels,brussels_0137.jpg,accepted,,1024,768,176.81,822.92
Brussels,brussels_0138.jpg,accepted,,1024,576,109.09,856.16
Brussels,brussels_0139.jpg,accepted,,1024,768,133.42,1680.98
Brussels,brussels_0140.jpg,accepted,,1024,576,127.81,536.72
Brussels,brussels_0141.jpg,accepted,,1024,576,123.54,1253.34
Brussels,brussels_0142.jpg,accepted,,1024,768,120.63,1695.48
Brussels,brussels_0143.jpg,accepted,,1024,768,137.41,1824.05
Brussels,brussels_0144.jpg,accepted,,1024,768,100.79,860.79
Brussels,brussels_0145.jpg,accepted,,1024,768,111.17,1403.44
Brussels,brussels_0146.jpg,accepted,,1024,768,118.81,2805.29
Brussels,brussels_0147.jpg,accepted,,1024,768,117.98,1001.57
Brussels,brussels_0148.jpg,accepted,,1024,768,107.77,1035.02
Brussels,brussels_0149.jpg,accepted,,1024,768,135.46,909.07
Brussels,brussels_0150.jpg,accepted,,1024,768,99.35,164.98
Brussels,brussels_0151.jpg,accepted,,1024,768,91.46,846.13
Brussels,brussels_0152.jpg,accepted,,1024,768,125.50,2669.05
Brussels,brussels_0153.jpg,accepted,,1024,768,90.53,251.41
Brussels,brussels_0154.jpg,accepted,,1024,768,118.18,1753.63
Brussels,brussels_0155.jpg,accepted,,1024,768,50.69,652.61
Brussels,brussels_0156.jpg,accepted,,1024,768,123.53,2160.03
Brussels,brussels_0157.jpg,accepted,,1024,768,108.98,204.78
Brussels,brussels_0158.jpg,accepted,,1024,768,133.32,280.78
Brussels,brussels_0159.jpg,accepted,,1024,768,115.15,1202.95
Brussels,brussels_0160.jpg,accepted,,1024,576,131.97,953.39
Brussels,brussels_0161.jpg,accepted,,1024,768,137.67,1101.22
Brussels,brussels_0162.jpg,accepted,,1024,768,110.99,1120.30
Brussels,brussels_0163.jpg,accepted,,1024,576,93.42,1036.44
Brussels,brussels_0164.jpg,accepted,,1024,576,92.47,1122.74
Brussels,brussels_0165.jpg,accepted,,1024,768,108.34,800.14
Brussels,brussels_0166.jpg,accepted,,1024,768,133.45,3716.65
Brussels,brussels_0167.jpg,review,possible_blur,1024,768,120.64,10.92
Brussels,brussels_0168.jpg,accepted,,1024,768,136.89,1749.20
Brussels,brussels_0169.jpg,accepted,,1024,768,107.16,3655.17
Brussels,brussels_0170.jpg,accepted,,1024,768,126.31,513.42
Brussels,brussels_0171.jpg,accepted,,1024,768,102.04,1319.63
Brussels,brussels_0172.jpg,accepted,,1024,768,89.99,1859.84
Brussels,brussels_0173.jpg,accepted,,1024,768,85.72,561.47
Brussels,brussels_0174.jpg,accepted,,1024,576,128.87,1351.74
Brussels,brussels_0175.jpg,accepted,,1024,576,89.97,1289.71
Brussels,brussels_0176.jpg,accepted,,1024,771,103.37,986.34
Brussels,brussels_0177.jpg,accepted,,1024,768,110.49,293.15
Brussels,brussels_0178.jpg,accepted,,1024,768,83.56,957.66
Brussels,brussels_0179.jpg,accepted,,1024,768,112.40,829.65
Brussels,brussels_0180.jpg,accepted,,1024,576,112.94,1020.33
Brussels,brussels_0181.jpg,accepted,,1024,768,144.07,1527.21
Brussels,brussels_0182.jpg,accepted,,1024,768,132.01,3010.34
Brussels,brussels_0183.jpg,accepted,,1024,771,98.40,454.23
Brussels,brussels_0184.jpg,accepted,,1024,768,99.53,225.05
Brussels,brussels_0185.jpg,accepted,,1024,768,120.95,664.05
Brussels,brussels_0186.jpg,accepted,,1024,768,102.43,275.09
Brussels,brussels_0187.jpg,accepted,,1024,768,110.99,1767.69
Brussels,brussels_0188.jpg,accepted,,1024,768,87.05,1849.53
Brussels,brussels_0189.jpg,accepted,,1024,768,103.98,295.57
Brussels,brussels_0190.jpg,accepted,,1024,768,103.30,308.10
Brussels,brussels_0191.jpg,review,possible_blur,1024,768,115.72,22.40
Brussels,brussels_0192.jpg,accepted,,1024,576,101.98,3671.23
Brussels,brussels_0193.jpg,accepted,,1024,768,107.19,1136.57
Brussels,brussels_0194.jpg,accepted,,1024,768,135.50,1653.15
Brussels,brussels_0195.jpg,accepted,,1024,768,83.39,3167.12
Brussels,brussels_0196.jpg,accepted,,1024,768,102.46,548.56
Brussels,brussels_0197.jpg,accepted,,1024,768,120.84,1780.46
Brussels,brussels_0198.jpg,accepted,,1024,768,86.93,341.99
Brussels,brussels_0199.jpg,accepted,,1024,768,125.40,880.55
Brussels,brussels_0200.jpg,review,possible_blur,1024,768,138.93,28.07
Brussels,brussels_0201.jpg,accepted,,1024,768,115.61,2082.09
Brussels,brussels_0202.jpg,accepted,,1024,768,109.09,1005.29
Brussels,brussels_0203.jpg,accepted,,1024,576,91.45,1645.43
Brussels,brussels_0204.jpg,accepted,,1024,768,123.10,1843.04
Brussels,brussels_0205.jpg,accepted,,1024,768,118.87,615.66
Brussels,brussels_0206.jpg,accepted,,1024,768,133.05,2184.48
Brussels,brussels_0207.jpg,accepted,,1024,768,8.20,52.53
Brussels,brussels_0208.jpg,accepted,,1024,768,139.90,432.82
Brussels,brussels_0209.jpg,accepted,,1024,576,103.74,905.61
Brussels,brussels_0210.jpg,accepted,,1024,768,140.79,104.01
Brussels,brussels_0211.jpg,accepted,,1024,768,127.16,1714.14
Brussels,brussels_0212.jpg,accepted,,1024,768,118.91,1239.83
Brussels,brussels_0213.jpg,accepted,,1024,768,126.31,2329.82
Brussels,brussels_0214.jpg,review,possible_blur,1024,768,107.42,5.19
Brussels,brussels_0215.jpg,accepted,,1024,768,132.32,489.22
Brussels,brussels_0216.jpg,accepted,,1024,768,77.59,355.40
Brussels,brussels_0217.jpg,accepted,,1024,768,143.47,1297.34
Brussels,brussels_0218.jpg,accepted,,1024,768,93.93,326.50
Brussels,brussels_0219.jpg,accepted,,1024,768,119.61,980.89
Brussels,brussels_0220.jpg,accepted,,1024,768,103.69,649.02
Brussels,brussels_0221.jpg,accepted,,1024,768,131.27,925.18
Brussels,brussels_0222.jpg,accepted,,1024,768,147.11,852.21
Brussels,brussels_0223.jpg,accepted,,1024,768,114.18,1712.94
Brussels,brussels_0224.jpg,accepted,,1024,768,98.50,1866.79
Brussels,brussels_0225.jpg,accepted,,1024,768,135.97,795.23
Brussels,brussels_0226.jpg,accepted,,1024,768,125.44,813.51
Brussels,brussels_0227.jpg,accepted,,1024,576,106.75,1427.24
Brussels,brussels_0228.jpg,accepted,,1024,768,109.86,749.28
Brussels,brussels_0229.jpg,accepted,,1024,768,148.11,2391.68
Brussels,brussels_0230.jpg,accepted,,1024,768,117.30,809.37
Brussels,brussels_0231.jpg,accepted,,1024,768,109.33,2545.31
Brussels,brussels_0232.jpg,accepted,,1024,768,120.35,657.36
Brussels,brussels_0233.jpg,accepted,,1024,768,139.30,1047.66
Brussels,brussels_0234.jpg,accepted,,1024,576,122.34,1238.89
Brussels,brussels_0235.jpg,accepted,,1024,768,127.56,761.33
Brussels,brussels_0236.jpg,accepted,,1024,768,114.56,677.64
Brussels,brussels_0237.jpg,accepted,,1024,576,133.88,844.18
Brussels,brussels_0238.jpg,accepted,,1024,768,126.99,1742.94
Brussels,brussels_0239.jpg,accepted,,1024,768,108.26,194.76
Brussels,brussels_0240.jpg,accepted,,1024,576,138.72,2160.35
Brussels,brussels_0241.jpg,accepted,,1024,768,131.00,919.17
Brussels,brussels_0242.jpg,accepted,,1024,768,95.39,168.20
Brussels,brussels_0243.jpg,accepted,,1024,768,74.13,938.82
Brussels,brussels_0244.jpg,accepted,,1024,768,120.70,292.50
Brussels,brussels_0245.jpg,accepted,,1024,768,128.87,1954.73
Brussels,brussels_0246.jpg,accepted,,1024,768,92.48,1124.91
Brussels,brussels_0247.jpg,accepted,,1024,768,113.56,1133.26
Brussels,brussels_0248.jpg,accepted,,1024,768,96.65,72.96
Brussels,brussels_0249.jpg,accepted,,1024,768,78.52,930.77
Brussels,brussels_0250.jpg,accepted,,1024,768,126.52,2374.19
Brussels,brussels_0251.jpg,accepted,,1024,576,108.14,662.34
Brussels,brussels_0252.jpg,accepted,,1024,768,117.98,1197.65
Brussels,brussels_0253.jpg,accepted,,1024,768,130.31,334.37
Brussels,brussels_0254.jpg,accepted,,1024,768,125.30,2454.14
Brussels,brussels_0255.jpg,accepted,,1024,768,142.64,214.53
Brussels,brussels_0256.jpg,accepted,,1024,768,96.32,894.09
Brussels,brussels_0257.jpg,accepted,,1024,768,111.10,76.07
Brussels,brussels_0258.jpg,accepted,,1024,768,147.72,48.19
Brussels,brussels_0259.jpg,accepted,,1024,768,145.91,937.39
Brussels,brussels_0260.jpg,accepted,,1024,768,115.48,678.95
Brussels,brussels_0261.jpg,accepted,,1024,768,110.89,1542.29
Brussels,brussels_0262.jpg,accepted,,1024,768,136.72,617.65
Brussels,brussels_0263.jpg,accepted,,1024,768,114.73,1347.04
Brussels,brussels_0264.jpg,accepted,,1024,768,77.81,618.25
Brussels,brussels_0265.jpg,accepted,,1024,768,105.83,313.81
Brussels,brussels_0266.jpg,accepted,,1024,768,114.89,2039.35
Brussels,brussels_0267.jpg,accepted,,1024,768,141.09,193.74
Brussels,brussels_0268.jpg,accepted,,1024,768,178.08,1418.68
Brussels,brussels_0269.jpg,accepted,,1024,768,100.36,679.13
Brussels,brussels_0270.jpg,accepted,,1024,768,124.81,2880.36
Brussels,brussels_0271.jpg,accepted,,1024,768,124.35,409.53
Brussels,brussels_0272.jpg,accepted,,1024,768,96.94,638.00
Brussels,brussels_0273.jpg,review,possible_blur,1024,576,93.37,3.13
Brussels,brussels_0274.jpg,accepted,,1024,768,111.73,1439.27
Brussels,brussels_0275.jpg,accepted,,1024,768,168.70,1013.56
Brussels,brussels_0276.jpg,accepted,,1024,768,136.33,1443.18
Brussels,brussels_0277.jpg,accepted,,1024,768,124.88,1568.06
Brussels,brussels_0278.jpg,accepted,,1024,576,106.83,1270.08
Brussels,brussels_0279.jpg,review,possible_blur,1024,768,124.62,23.20
Brussels,brussels_0280.jpg,accepted,,1024,768,139.70,1844.29
Brussels,brussels_0281.jpg,accepted,,1024,768,109.55,1291.91
Brussels,brussels_0282.jpg,accepted,,1024,771,125.97,165.33
Brussels,brussels_0283.jpg,accepted,,1024,768,115.72,1036.19
Brussels,brussels_0284.jpg,accepted,,1024,768,84.79,665.01
Brussels,brussels_0285.jpg,accepted,,1024,768,119.11,702.08
Brussels,brussels_0286.jpg,accepted,,1024,768,113.81,3412.24
Brussels,brussels_0287.jpg,accepted,,1024,768,138.71,806.29
Brussels,brussels_0288.jpg,accepted,,1024,768,98.28,5831.42
Brussels,brussels_0289.jpg,accepted,,1024,768,144.11,390.70
Brussels,brussels_0290.jpg,accepted,,1024,768,120.97,1081.24
Brussels,brussels_0291.jpg,accepted,,1024,768,123.37,1765.75
Brussels,brussels_0292.jpg,accepted,,1024,576,125.71,1771.82
Brussels,brussels_0293.jpg,accepted,,1024,771,149.03,123.89
Brussels,brussels_0294.jpg,review,possible_blur,1024,768,126.45,11.69
Brussels,brussels_0295.jpg,accepted,,1024,768,138.55,1463.03
Brussels,brussels_0296.jpg,accepted,,1024,768,123.67,1289.56
Brussels,brussels_0297.jpg,accepted,,1024,768,141.52,961.27
Brussels,brussels_0298.jpg,accepted,,1024,771,123.49,1124.31
Brussels,brussels_0299.jpg,accepted,,1024,768,123.82,1179.64
Brussels,brussels_0300.jpg,accepted,,1024,576,97.84,2148.12
Brussels,brussels_0301.jpg,accepted,,1024,768,119.89,3584.65
Brussels,brussels_0302.jpg,accepted,,1024,768,133.20,1003.81
Brussels,brussels_0303.jpg,accepted,,1024,768,107.09,3581.26
Brussels,brussels_0304.jpg,accepted,,1024,768,125.88,1257.39
Brussels,brussels_0305.jpg,accepted,,1024,768,86.33,145.26
Brussels,brussels_0306.jpg,accepted,,1024,768,99.13,1184.64
Brussels,brussels_0307.jpg,accepted,,1024,768,103.11,737.40
Brussels,brussels_0308.jpg,accepted,,1024,768,119.57,1640.07
Brussels,brussels_0309.jpg,accepted,,1024,576,113.04,2087.61
Brussels,brussels_0310.jpg,accepted,,1024,768,122.04,1144.46
Brussels,brussels_0311.jpg,accepted,,1024,768,95.82,2014.16
Brussels,brussels_0312.jpg,accepted,,1024,768,112.92,500.75
Brussels,brussels_0313.jpg,accepted,,1024,768,130.23,181.28
Brussels,brussels_0314.jpg,accepted,,1024,768,109.28,352.74
Brussels,brussels_0315.jpg,accepted,,1024,576,136.62,1127.93
Brussels,brussels_0316.jpg,accepted,,1024,768,140.13,2499.05
Brussels,brussels_0317.jpg,accepted,,1024,768,130.05,1440.56
Brussels,brussels_0318.jpg,accepted,,1024,768,115.35,895.80
Brussels,brussels_0319.jpg,accepted,,1024,768,124.87,1258.61
Brussels,brussels_0320.jpg,accepted,,1024,768,106.92,4327.95
Brussels,brussels_0321.jpg,accepted,,1024,768,113.38,801.44
Brussels,brussels_0322.jpg,accepted,,1024,768,105.49,160.74
Brussels,brussels_0323.jpg,accepted,,1024,768,127.25,743.43
Brussels,brussels_0324.jpg,accepted,,1024,768,113.23,470.38
Brussels,brussels_0325.jpg,accepted,,1024,768,138.84,1297.71
Brussels,brussels_0326.jpg,accepted,,1024,768,97.40,737.92
Brussels,brussels_0327.jpg,accepted,,1024,768,115.27,1124.99
Brussels,brussels_0328.jpg,accepted,,1024,768,97.20,1868.19
Brussels,brussels_0329.jpg,accepted,,1024,771,122.91,1439.50
Brussels,brussels_0330.jpg,accepted,,1024,768,110.80,1276.71
Brussels,brussels_0331.jpg,accepted,,1024,768,120.64,933.21
Brussels,brussels_0332.jpg,accepted,,1024,768,115.00,322.71
Brussels,brussels_0333.jpg,accepted,,1024,771,95.43,1160.05
Brussels,brussels_0334.jpg,accepted,,1024,768,126.57,73.01
Brussels,brussels_0335.jpg,accepted,,1024,768,94.06,130.14
Brussels,brussels_0336.jpg,accepted,,1024,768,114.42,71.50
Brussels,brussels_0337.jpg,accepted,,1024,768,119.93,1640.89
Brussels,brussels_0338.jpg,accepted,,1024,768,108.15,979.17
Brussels,brussels_0339.jpg,accepted,,1024,768,112.26,352.84
Budapest,budapest_0001.jpg,accepted,,1023,765,93.49,1472.82
Budapest,budapest_0002.jpg,accepted,,1023,765,98.58,967.09
Budapest,budapest_0003.jpg,accepted,,1023,765,130.09,674.06
Budapest,budapest_0004.jpg,accepted,,1024,768,158.59,49.57
Budapest,budapest_0005.jpg,review,possible_blur,1023,765,147.30,4.89
Budapest,budapest_0006.jpg,accepted,,1023,765,110.40,631.59
Budapest,budapest_0007.jpg,accepted,,1023,765,102.36,1345.94
Budapest,budapest_0008.jpg,accepted,,1024,576,136.37,54.50
Budapest,budapest_0009.jpg,accepted,,1024,768,125.49,552.56
Budapest,budapest_0010.jpg,accepted,,1023,764,108.48,2169.12
Budapest,budapest_0011.jpg,accepted,,1024,768,141.85,51.87
Budapest,budapest_0012.jpg,accepted,,1024,768,133.56,1147.73
Budapest,budapest_0013.jpg,accepted,,1023,765,99.84,2549.20
Budapest,budapest_0014.jpg,accepted,,1024,768,128.47,308.20
Budapest,budapest_0015.jpg,accepted,,1023,765,122.06,124.89
Budapest,budapest_0016.jpg,accepted,,1024,768,155.93,119.15
Budapest,budapest_0017.jpg,accepted,,1023,765,94.90,1241.59
Budapest,budapest_0018.jpg,accepted,,1023,765,121.98,1744.42
Budapest,budapest_0019.jpg,accepted,,1023,765,127.74,212.54
Budapest,budapest_0020.jpg,accepted,,1023,764,120.77,221.07
Budapest,budapest_0021.jpg,accepted,,1023,765,114.80,1498.37
Budapest,budapest_0022.jpg,accepted,,1024,768,116.08,428.92
Budapest,budapest_0023.jpg,review,possible_blur,1023,765,105.27,28.43
Budapest,budapest_0024.jpg,review,possible_blur,1024,768,156.08,28.06
Budapest,budapest_0025.jpg,accepted,,1023,765,138.64,402.87
Budapest,budapest_0026.jpg,accepted,,1024,768,153.23,41.39
Budapest,budapest_0027.jpg,review,possible_blur,1024,768,144.93,30.56
Budapest,budapest_0028.jpg,accepted,,1024,768,124.97,583.50
Budapest,budapest_0029.jpg,accepted,,1023,765,120.08,262.51
Budapest,budapest_0030.jpg,accepted,,1024,576,139.57,3260.88
Budapest,budapest_0031.jpg,accepted,,1023,765,123.96,826.27
Budapest,budapest_0032.jpg,accepted,,1023,765,79.36,1885.73
Budapest,budapest_0033.jpg,review,possible_blur,1023,765,158.06,4.97
Budapest,budapest_0034.jpg,accepted,,1024,768,132.89,122.41
Budapest,budapest_0035.jpg,accepted,,1024,1365,133.37,4016.59
Budapest,budapest_0036.jpg,accepted,,1024,576,93.46,780.62
Budapest,budapest_0037.jpg,accepted,,1024,768,163.49,57.72
Budapest,budapest_0038.jpg,accepted,,1024,768,104.80,817.40
Budapest,budapest_0039.jpg,accepted,,1024,576,94.71,1722.31
Budapest,budapest_0040.jpg,accepted,,1024,768,111.01,1098.87
Budapest,budapest_0041.jpg,accepted,,1024,576,111.94,1973.87
Budapest,budapest_0042.jpg,accepted,,1024,768,19.91,584.10
Budapest,budapest_0043.jpg,review,possible_blur,1023,765,166.89,22.89
Budapest,budapest_0044.jpg,accepted,,1023,765,108.83,2550.18
Budapest,budapest_0045.jpg,accepted,,1023,765,93.17,901.15
Budapest,budapest_0046.jpg,accepted,,1023,765,123.47,2658.45
Budapest,budapest_0047.jpg,accepted,,1024,768,102.45,682.93
Budapest,budapest_0048.jpg,accepted,,1023,765,103.46,2363.28
Budapest,budapest_0049.jpg,review,possible_blur,1023,765,126.28,21.90
Budapest,budapest_0050.jpg,accepted,,1024,768,113.95,770.19
Budapest,budapest_0051.jpg,accepted,,1023,765,118.53,240.56
Budapest,budapest_0052.jpg,accepted,,1023,765,121.31,1439.00
Budapest,budapest_0053.jpg,review,possible_blur,1023,765,138.23,6.14
Budapest,budapest_0054.jpg,accepted,,1024,768,161.88,60.06
Budapest,budapest_0055.jpg,accepted,,1023,682,105.96,2311.03
Budapest,budapest_0056.jpg,accepted,,1024,768,101.86,1223.28
Budapest,budapest_0057.jpg,accepted,,1023,765,102.85,550.35
Budapest,budapest_0058.jpg,accepted,,1023,765,130.92,1506.22
Budapest,budapest_0059.jpg,accepted,,1023,765,127.53,789.58
Budapest,budapest_0060.jpg,accepted,,1023,765,130.53,1389.14
Budapest,budapest_0061.jpg,accepted,,1023,765,124.99,254.14
Budapest,budapest_0062.jpg,accepted,,1024,768,114.68,640.61
Budapest,budapest_0063.jpg,accepted,,1024,576,115.30,1109.66
Budapest,budapest_0064.jpg,accepted,,1024,1365,17.95,67.59
Budapest,budapest_0065.jpg,review,possible_blur,1024,768,140.58,28.13
Budapest,budapest_0066.jpg,accepted,,1023,765,141.69,307.71
Budapest,budapest_0067.jpg,accepted,,1024,768,96.55,1259.84
Budapest,budapest_0068.jpg,accepted,,1023,765,135.94,317.62
Budapest,budapest_0069.jpg,accepted,,1024,768,117.57,173.08
Budapest,budapest_0070.jpg,review,possible_blur,1024,768,166.11,25.68
Budapest,budapest_0071.jpg,accepted,,1024,768,100.24,3403.40
Budapest,budapest_0072.jpg,accepted,,1023,765,117.85,2719.53
Budapest,budapest_0073.jpg,accepted,,1024,768,115.52,560.33
Budapest,budapest_0074.jpg,accepted,,1023,765,147.94,45.57
Budapest,budapest_0075.jpg,accepted,,1024,576,117.71,1424.66
Budapest,budapest_0076.jpg,accepted,,1024,768,111.59,1059.33
Budapest,budapest_0077.jpg,accepted,,1024,576,74.17,1438.49
Budapest,budapest_0078.jpg,accepted,,1023,765,95.27,2866.88
Budapest,budapest_0079.jpg,accepted,,1023,765,138.50,378.84
Budapest,budapest_0080.jpg,accepted,,1023,765,135.11,222.34
Budapest,budapest_0081.jpg,accepted,,1023,765,119.83,845.11
Budapest,budapest_0082.jpg,accepted,,1023,765,96.46,1090.63
Budapest,budapest_0083.jpg,accepted,,1024,576,116.13,1140.22
Budapest,budapest_0084.jpg,accepted,,1024,768,106.03,1688.40
Budapest,budapest_0085.jpg,accepted,,1023,765,91.60,38.59
Budapest,budapest_0086.jpg,review,possible_blur,1024,768,160.31,24.70
Budapest,budapest_0087.jpg,accepted,,1024,768,88.08,1513.90
Budapest,budapest_0088.jpg,accepted,,1024,576,119.43,891.61
Budapest,budapest_0089.jpg,accepted,,1023,765,139.82,59.15
Budapest,budapest_0090.jpg,accepted,,1023,765,84.29,1214.58
Budapest,budapest_0091.jpg,accepted,,1024,768,87.10,929.29
Budapest,budapest_0092.jpg,accepted,,1024,768,113.08,697.11
Budapest,budapest_0093.jpg,accepted,,1024,768,105.18,1532.21
Budapest,budapest_0094.jpg,accepted,,1024,576,115.04,625.59
Budapest,budapest_0095.jpg,accepted,,1023,765,96.87,281.36
Budapest,budapest_0096.jpg,accepted,,1023,765,94.70,286.54
Budapest,budapest_0097.jpg,accepted,,1023,765,140.08,402.26
Budapest,budapest_0098.jpg,accepted,,1024,768,108.72,929.98
Budapest,budapest_0099.jpg,accepted,,1024,768,130.34,511.48
Budapest,budapest_0100.jpg,accepted,,1024,768,145.05,1666.16
Budapest,budapest_0101.jpg,accepted,,1023,765,104.90,1230.22
Budapest,budapest_0102.jpg,accepted,,1024,768,104.99,1011.80
Budapest,budapest_0103.jpg,accepted,,1024,576,122.65,136.93
Budapest,budapest_0104.jpg,accepted,,1024,576,115.81,2483.99
Budapest,budapest_0105.jpg,accepted,,1024,768,106.21,1024.18
Budapest,budapest_0106.jpg,accepted,,1023,765,103.63,572.48
Budapest,budapest_0107.jpg,accepted,,1023,765,94.77,671.47
Budapest,budapest_0108.jpg,accepted,,1024,576,89.27,1725.91
Budapest,budapest_0109.jpg,accepted,,1023,765,96.54,476.65
Budapest,budapest_0110.jpg,accepted,,1024,576,120.97,2325.23
Budapest,budapest_0111.jpg,accepted,,1024,768,136.78,69.00
Budapest,budapest_0112.jpg,accepted,,1024,768,102.78,538.19
Budapest,budapest_0113.jpg,accepted,,1024,768,108.13,1605.63
Budapest,budapest_0114.jpg,accepted,,1023,765,130.37,718.45
Budapest,budapest_0115.jpg,review,possible_blur,1023,765,103.97,23.16
Budapest,budapest_0116.jpg,accepted,,1024,768,138.25,123.95
Budapest,budapest_0117.jpg,accepted,,1023,765,116.95,1310.98
Budapest,budapest_0118.jpg,accepted,,1023,765,128.70,343.34
Budapest,budapest_0119.jpg,accepted,,1024,768,158.17,105.18
Budapest,budapest_0120.jpg,accepted,,1023,765,84.12,4226.74
Budapest,budapest_0121.jpg,accepted,,1024,768,123.12,849.91
Budapest,budapest_0122.jpg,accepted,,1024,768,98.97,2488.28
Budapest,budapest_0123.jpg,accepted,,1023,765,128.99,566.96
Budapest,budapest_0124.jpg,accepted,,1023,765,116.69,1170.56
Budapest,budapest_0125.jpg,accepted,,1024,768,111.10,2148.61
Budapest,budapest_0126.jpg,accepted,,1023,765,94.44,2830.38
Budapest,budapest_0127.jpg,accepted,,1024,768,89.96,2329.82
Budapest,budapest_0128.jpg,accepted,,1024,768,72.43,859.22
Budapest,budapest_0129.jpg,accepted,,1024,768,127.93,833.51
Budapest,budapest_0130.jpg,accepted,,1024,768,118.62,484.00
Budapest,budapest_0131.jpg,accepted,,1023,765,98.08,555.64
Budapest,budapest_0132.jpg,accepted,,1024,768,112.60,2859.89
Budapest,budapest_0133.jpg,accepted,,1023,765,107.09,324.10
Budapest,budapest_0134.jpg,accepted,,1023,765,101.05,1118.38
Budapest,budapest_0135.jpg,accepted,,1024,768,88.65,794.05
Budapest,budapest_0136.jpg,accepted,,1024,768,109.70,1643.61
Budapest,budapest_0137.jpg,review,possible_blur,1024,768,130.76,31.64
Budapest,budapest_0138.jpg,accepted,,1024,768,124.16,3133.34
Budapest,budapest_0139.jpg,accepted,,1023,764,103.25,263.07
Budapest,budapest_0140.jpg,accepted,,1023,765,101.55,486.28
Budapest,budapest_0141.jpg,accepted,,1024,768,113.88,716.43
Budapest,budapest_0142.jpg,accepted,,1024,768,48.82,148.44
Budapest,budapest_0143.jpg,accepted,,1023,765,125.87,858.50
Budapest,budapest_0144.jpg,accepted,,1024,768,90.39,101.96
Budapest,budapest_0145.jpg,accepted,,1024,576,106.41,2059.26
Budapest,budapest_0146.jpg,accepted,,1023,765,79.34,73.16
Budapest,budapest_0147.jpg,accepted,,1024,576,113.86,5014.88
Budapest,budapest_0148.jpg,accepted,,1023,766,93.21,1954.10
Budapest,budapest_0149.jpg,accepted,,1024,576,112.66,1648.17
Budapest,budapest_0150.jpg,accepted,,1023,765,101.95,415.31
Budapest,budapest_0151.jpg,accepted,,1024,768,110.70,1456.76
Budapest,budapest_0152.jpg,accepted,,1024,768,109.90,766.02
Budapest,budapest_0153.jpg,accepted,,1023,764,105.81,618.95
Budapest,budapest_0154.jpg,accepted,,1024,576,100.02,438.38
Budapest,budapest_0155.jpg,accepted,,1024,768,94.57,2650.64
Budapest,budapest_0156.jpg,accepted,,1024,768,147.34,149.33
Budapest,budapest_0157.jpg,accepted,,1024,576,99.46,2556.64
Budapest,budapest_0158.jpg,accepted,,1024,576,95.28,1566.51
Budapest,budapest_0159.jpg,review,possible_blur,1023,765,197.01,18.19
Budapest,budapest_0160.jpg,accepted,,1024,768,131.38,1567.44
Budapest,budapest_0161.jpg,accepted,,1024,768,113.31,52.41
Budapest,budapest_0162.jpg,accepted,,1023,765,111.05,1881.24
Budapest,budapest_0163.jpg,accepted,,1023,765,132.98,682.55
Budapest,budapest_0164.jpg,review,possible_blur,1024,768,135.47,12.90
Budapest,budapest_0165.jpg,accepted,,1024,768,93.72,137.36
Budapest,budapest_0166.jpg,accepted,,1023,765,113.19,4487.65
Budapest,budapest_0167.jpg,accepted,,1024,576,96.60,1710.01
Budapest,budapest_0168.jpg,accepted,,1024,768,152.07,1306.65
Budapest,budapest_0169.jpg,accepted,,1024,768,115.74,1135.26
Budapest,budapest_0170.jpg,accepted,,1024,576,131.17,964.66
Budapest,budapest_0171.jpg,accepted,,1023,765,165.72,41.01
Budapest,budapest_0172.jpg,accepted,,1024,768,118.65,353.67
Budapest,budapest_0173.jpg,accepted,,1023,765,115.37,307.05
Budapest,budapest_0174.jpg,accepted,,1024,576,114.91,611.80
Budapest,budapest_0175.jpg,accepted,,1024,576,108.23,2244.46
Budapest,budapest_0176.jpg,accepted,,1024,768,103.79,795.79
Budapest,budapest_0177.jpg,accepted,,1023,765,134.64,136.94
Budapest,budapest_0178.jpg,accepted,,1023,765,130.75,1057.91
Budapest,budapest_0179.jpg,accepted,,1024,768,176.99,38.70
Budapest,budapest_0180.jpg,accepted,,1023,764,63.48,194.54
Budapest,budapest_0181.jpg,accepted,,1024,576,119.84,2212.69
Budapest,budapest_0182.jpg,accepted,,1023,765,97.74,718.13
Budapest,budapest_0183.jpg,accepted,,1023,764,89.80,167.84
Budapest,budapest_0184.jpg,accepted,,1023,765,104.55,421.06
Budapest,budapest_0185.jpg,accepted,,1024,576,95.85,2497.11
Budapest,budapest_0186.jpg,accepted,,1024,768,130.09,110.84
Budapest,budapest_0187.jpg,accepted,,1024,768,112.68,699.24
Budapest,budapest_0188.jpg,review,possible_blur,1024,768,171.52,16.22
Budapest,budapest_0189.jpg,accepted,,1024,576,113.19,617.59
Budapest,budapest_0190.jpg,accepted,,1024,576,101.27,1254.38
Budapest,budapest_0191.jpg,accepted,,1023,765,120.60,868.16
Budapest,budapest_0192.jpg,accepted,,1023,765,126.85,780.91
Budapest,budapest_0193.jpg,accepted,,1024,768,106.28,569.66
Budapest,budapest_0194.jpg,accepted,,1023,765,131.11,417.73
Budapest,budapest_0195.jpg,accepted,,1023,765,110.19,239.88
Budapest,budapest_0196.jpg,accepted,,1024,768,135.64,862.38
Budapest,budapest_0197.jpg,accepted,,1024,576,99.87,3205.63
Budapest,budapest_0198.jpg,accepted,,1024,576,115.03,1139.86
Budapest,budapest_0199.jpg,accepted,,1024,768,67.22,584.49
Budapest,budapest_0200.jpg,review,possible_blur,1023,765,110.58,30.94
Budapest,budapest_0201.jpg,accepted,,1023,764,105.24,309.81
Budapest,budapest_0202.jpg,accepted,,1023,765,103.69,1793.51
Budapest,budapest_0203.jpg,accepted,,1024,768,107.58,2357.76
Budapest,budapest_0204.jpg,accepted,,1024,768,126.42,250.80
Budapest,budapest_0205.jpg,accepted,,1023,764,108.10,1313.65
Budapest,budapest_0206.jpg,accepted,,1023,764,134.02,617.47
Budapest,budapest_0207.jpg,accepted,,1024,576,117.32,533.95
Budapest,budapest_0208.jpg,accepted,,1023,765,128.24,160.10
Budapest,budapest_0209.jpg,accepted,,1023,765,112.81,714.71
Budapest,budapest_0210.jpg,review,possible_blur,1024,768,170.12,14.59
Budapest,budapest_0211.jpg,accepted,,1024,768,119.49,64.38
Budapest,budapest_0212.jpg,accepted,,1023,765,124.57,784.20
Budapest,budapest_0213.jpg,accepted,,1024,711,105.63,840.30
Budapest,budapest_0214.jpg,accepted,,1024,768,129.16,135.38
Budapest,budapest_0215.jpg,review,possible_blur,1024,768,165.33,25.78
Budapest,budapest_0216.jpg,accepted,,1024,768,114.89,571.51
Budapest,budapest_0217.jpg,review,possible_blur,1024,768,148.23,18.65
Budapest,budapest_0218.jpg,accepted,,1023,764,121.67,400.63
Budapest,budapest_0219.jpg,accepted,,1023,765,159.38,67.75
Budapest,budapest_0220.jpg,accepted,,1024,768,108.76,373.06
Budapest,budapest_0221.jpg,accepted,,1024,576,114.07,895.40
Budapest,budapest_0222.jpg,accepted,,1023,765,87.31,364.70
Budapest,budapest_0223.jpg,accepted,,1024,576,119.57,1147.50
Budapest,budapest_0224.jpg,accepted,,1023,765,124.21,233.31
Budapest,budapest_0225.jpg,accepted,,1023,765,102.60,1866.21
Budapest,budapest_0226.jpg,accepted,,1024,768,139.96,556.72
Budapest,budapest_0227.jpg,accepted,,1024,576,114.93,2042.88
Budapest,budapest_0228.jpg,accepted,,1023,765,115.31,243.12
Budapest,budapest_0229.jpg,review,possible_blur,1024,768,160.48,15.50
Budapest,budapest_0230.jpg,accepted,,1023,765,149.96,478.99
Budapest,budapest_0231.jpg,accepted,,1023,765,109.07,227.17
Budapest,budapest_0232.jpg,accepted,,1024,576,93.44,1568.42
Budapest,budapest_0233.jpg,accepted,,1023,765,99.77,542.97
Budapest,budapest_0234.jpg,accepted,,1023,764,86.65,489.84
Budapest,budapest_0235.jpg,review,possible_blur,1024,768,171.46,13.61
Budapest,budapest_0236.jpg,accepted,,1023,764,103.78,84.05
Budapest,budapest_0237.jpg,accepted,,1023,764,108.06,126.71
Budapest,budapest_0238.jpg,accepted,,1024,768,185.94,805.32
Budapest,budapest_0239.jpg,review,possible_blur,1024,768,153.17,26.62
Budapest,budapest_0240.jpg,accepted,,1024,768,132.89,1290.62
Budapest,budapest_0241.jpg,accepted,,1024,576,81.60,2872.29
Budapest,budapest_0242.jpg,accepted,,1023,765,101.49,709.98
Budapest,budapest_0243.jpg,accepted,,1024,768,86.40,925.70
Budapest,budapest_0244.jpg,accepted,,1023,765,73.72,1114.97
Budapest,budapest_0245.jpg,accepted,,1024,768,170.39,39.09
Budapest,budapest_0246.jpg,accepted,,1024,768,111.75,978.86
Budapest,budapest_0247.jpg,accepted,,1024,768,117.22,1254.59
Budapest,budapest_0248.jpg,accepted,,1024,768,90.42,1731.59
Budapest,budapest_0249.jpg,accepted,,1024,576,75.27,837.95
Budapest,budapest_0250.jpg,accepted,,1023,765,137.63,487.33
Budapest,budapest_0251.jpg,review,possible_blur,1023,765,85.28,29.74
Budapest,budapest_0252.jpg,accepted,,1023,765,60.89,4657.51
Budapest,budapest_0253.jpg,accepted,,1024,768,117.12,1547.73
Budapest,budapest_0254.jpg,accepted,,1024,768,121.74,1386.47
Budapest,budapest_0255.jpg,accepted,,1024,576,98.85,574.58
Budapest,budapest_0256.jpg,accepted,,1024,768,113.70,960.90
Budapest,budapest_0257.jpg,accepted,,1024,768,92.19,1368.68
Budapest,budapest_0258.jpg,accepted,,1023,765,119.27,283.79
Budapest,budapest_0259.jpg,accepted,,1023,765,61.68,133.94
Budapest,budapest_0260.jpg,accepted,,1023,765,90.29,2363.57
Budapest,budapest_0261.jpg,accepted,,1023,765,128.54,174.34
Budapest,budapest_0262.jpg,accepted,,1023,765,97.77,392.65
Budapest,budapest_0263.jpg,accepted,,1023,765,88.13,880.09
Budapest,budapest_0264.jpg,accepted,,1024,768,116.94,1768.41
Budapest,budapest_0265.jpg,accepted,,1024,768,112.50,425.19
Budapest,budapest_0266.jpg,accepted,,1024,768,125.87,572.20
Budapest,budapest_0267.jpg,accepted,,1024,576,86.76,1043.39
Budapest,budapest_0268.jpg,accepted,,1024,576,123.53,1507.01
Budapest,budapest_0269.jpg,accepted,,1023,764,78.73,67.91
Budapest,budapest_0270.jpg,accepted,,1024,576,107.94,1207.25
Budapest,budapest_0271.jpg,accepted,,1024,576,87.86,450.35
Budapest,budapest_0272.jpg,accepted,,1024,768,99.03,967.60
Budapest,budapest_0273.jpg,accepted,,1024,768,82.64,116.13
Budapest,budapest_0274.jpg,accepted,,1023,765,136.58,106.87
Budapest,budapest_0275.jpg,accepted,,1024,768,113.68,421.23
Budapest,budapest_0276.jpg,accepted,,1023,765,86.95,349.62
Budapest,budapest_0277.jpg,accepted,,1024,576,128.21,525.30
Budapest,budapest_0278.jpg,accepted,,1023,765,104.66,691.64
Budapest,budapest_0279.jpg,accepted,,1024,768,154.26,56.37
Budapest,budapest_0280.jpg,accepted,,1024,576,140.33,2061.41
Budapest,budapest_0281.jpg,accepted,,1024,768,86.84,799.46
Budapest,budapest_0282.jpg,accepted,,1023,765,121.69,341.84
Budapest,budapest_0283.jpg,accepted,,1024,768,124.25,575.14
Budapest,budapest_0284.jpg,accepted,,1023,765,125.73,2753.74
Budapest,budapest_0285.jpg,accepted,,1024,576,117.50,832.27
Budapest,budapest_0286.jpg,review,possible_blur,1024,768,175.10,27.65
Budapest,budapest_0287.jpg,accepted,,1024,768,69.12,1165.09
Budapest,budapest_0288.jpg,accepted,,1024,576,126.01,970.10
Budapest,budapest_0289.jpg,accepted,,1023,765,114.71,991.55
Budapest,budapest_0290.jpg,accepted,,1024,768,102.08,316.14
Budapest,budapest_0291.jpg,accepted,,1023,765,114.25,541.59
Budapest,budapest_0292.jpg,accepted,,1024,576,71.19,2413.04
Budapest,budapest_0293.jpg,accepted,,1024,768,110.07,161.78
Budapest,budapest_0294.jpg,accepted,,1023,765,96.02,1153.37
Budapest,budapest_0295.jpg,accepted,,1024,768,91.12,432.69
Budapest,budapest_0296.jpg,accepted,,1023,764,116.51,419.13
Budapest,budapest_0297.jpg,accepted,,1024,768,91.18,895.53
Budapest,budapest_0298.jpg,accepted,,1023,764,115.10,494.16
Budapest,budapest_0299.jpg,accepted,,1023,765,116.24,741.17
Budapest,budapest_0300.jpg,accepted,,1024,768,126.06,1262.81
Budapest,budapest_0301.jpg,accepted,,1023,765,112.50,40.38
Budapest,budapest_0302.jpg,accepted,,1024,787,105.54,538.21
Budapest,budapest_0303.jpg,accepted,,1023,765,118.53,881.71
Budapest,budapest_0304.jpg,accepted,,1024,711,121.32,871.28
Budapest,budapest_0305.jpg,accepted,,1023,765,111.44,458.67
Budapest,budapest_0306.jpg,accepted,,1024,768,116.86,1958.24
Budapest,budapest_0307.jpg,accepted,,1023,764,105.30,423.37
Budapest,budapest_0308.jpg,accepted,,1023,765,81.46,1849.41
Budapest,budapest_0309.jpg,accepted,,1023,765,81.14,337.10
Budapest,budapest_0310.jpg,accepted,,1024,576,108.38,1113.67
Budapest,budapest_0311.jpg,accepted,,1023,765,140.95,248.42
Budapest,budapest_0312.jpg,accepted,,1023,765,78.86,1488.79
Budapest,budapest_0313.jpg,accepted,,1023,764,102.48,348.81
Budapest,budapest_0314.jpg,accepted,,1023,765,119.48,768.59
Budapest,budapest_0315.jpg,review,possible_blur,1024,768,111.09,3.64
Budapest,budapest_0316.jpg,accepted,,1024,576,102.93,1429.54
Budapest,budapest_0317.jpg,accepted,,1024,768,99.80,4800.34
Budapest,budapest_0318.jpg,accepted,,1024,768,141.83,2015.52
Budapest,budapest_0319.jpg,accepted,,1023,765,131.26,61.43
Budapest,budapest_0320.jpg,accepted,,1024,768,69.54,226.12
Budapest,budapest_0321.jpg,accepted,,1024,768,147.84,2545.23
Budapest,budapest_0322.jpg,accepted,,1024,576,94.45,1628.16
Budapest,budapest_0323.jpg,accepted,,1024,768,142.84,1633.12
Budapest,budapest_0324.jpg,accepted,,1023,765,125.46,436.56
Budapest,budapest_0325.jpg,accepted,,1023,765,92.26,117.31
Budapest,budapest_0326.jpg,accepted,,1024,768,96.41,703.11
Budapest,budapest_0327.jpg,accepted,,1024,576,118.68,1166.90
Budapest,budapest_0328.jpg,review,possible_blur,1023,765,139.37,9.23
Budapest,budapest_0329.jpg,accepted,,1024,576,100.77,498.50
Budapest,budapest_0330.jpg,accepted,,1023,765,73.96,118.96
Budapest,budapest_0331.jpg,accepted,,1024,768,54.46,448.18
Budapest,budapest_0332.jpg,accepted,,1023,765,132.06,166.09
Budapest,budapest_0333.jpg,review,possible_blur,1023,765,20.73,33.44
Budapest,budapest_0334.jpg,accepted,,1023,764,114.12,84.97
Budapest,budapest_0335.jpg,accepted,,1024,576,119.92,2399.60
Copenhagen,copenhagen_0001.jpg,review,possible_blur,1024,576,151.32,3.53
Copenhagen,copenhagen_0002.jpg,accepted,,1024,768,96.40,522.14
Copenhagen,copenhagen_0003.jpg,accepted,,1024,768,95.98,154.20
Copenhagen,copenhagen_0004.jpg,accepted,,1024,768,125.40,783.94
Copenhagen,copenhagen_0005.jpg,accepted,,1024,768,162.20,317.12
Copenhagen,copenhagen_0006.jpg,accepted,,1024,768,92.66,1017.55
Copenhagen,copenhagen_0007.jpg,accepted,,1024,768,112.48,1416.00
Copenhagen,copenhagen_0008.jpg,accepted,,1024,768,134.83,1520.37
Copenhagen,copenhagen_0009.jpg,accepted,,1024,768,114.34,490.34
Copenhagen,copenhagen_0010.jpg,accepted,,1024,768,124.79,1562.76
Copenhagen,copenhagen_0011.jpg,accepted,,1024,768,85.39,1302.59
Copenhagen,copenhagen_0012.jpg,accepted,,1024,768,121.26,528.94
Copenhagen,copenhagen_0013.jpg,review,possible_blur,1024,768,127.34,16.69
Copenhagen,copenhagen_0014.jpg,accepted,,1024,768,131.33,643.74
Copenhagen,copenhagen_0015.jpg,accepted,,1024,768,99.12,1148.20
Copenhagen,copenhagen_0016.jpg,accepted,,1024,768,146.77,1369.70
Copenhagen,copenhagen_0017.jpg,accepted,,1024,768,118.09,1590.55
Copenhagen,copenhagen_0018.jpg,accepted,,1024,768,127.30,550.70
Copenhagen,copenhagen_0019.jpg,accepted,,1024,768,103.54,196.72
Copenhagen,copenhagen_0020.jpg,accepted,,1024,768,125.33,1603.77
Copenhagen,copenhagen_0021.jpg,accepted,,1024,768,129.71,465.04
Copenhagen,copenhagen_0022.jpg,accepted,,1024,768,102.17,76.63
Copenhagen,copenhagen_0023.jpg,accepted,,1024,768,70.10,707.39
Copenhagen,copenhagen_0024.jpg,accepted,,1024,768,117.35,603.47
Copenhagen,copenhagen_0025.jpg,accepted,,1024,768,111.01,89.22
Copenhagen,copenhagen_0026.jpg,accepted,,1024,768,125.42,1108.04
Copenhagen,copenhagen_0027.jpg,accepted,,1024,768,90.84,867.90
Copenhagen,copenhagen_0028.jpg,accepted,,1024,768,105.78,3181.82
Copenhagen,copenhagen_0029.jpg,accepted,,1024,768,140.16,2649.36
Copenhagen,copenhagen_0030.jpg,accepted,,1024,768,145.18,551.99
Copenhagen,copenhagen_0031.jpg,accepted,,1024,768,57.30,319.88
Copenhagen,copenhagen_0032.jpg,accepted,,1024,768,131.03,832.78
Copenhagen,copenhagen_0033.jpg,accepted,,1024,768,132.80,236.58
Copenhagen,copenhagen_0034.jpg,accepted,,1024,768,121.89,881.40
Copenhagen,copenhagen_0035.jpg,accepted,,1024,576,118.67,448.31
Copenhagen,copenhagen_0036.jpg,accepted,,1024,768,156.10,337.32
Copenhagen,copenhagen_0037.jpg,accepted,,1024,768,136.96,370.58
Copenhagen,copenhagen_0038.jpg,accepted,,1024,768,99.55,1501.19
Copenhagen,copenhagen_0039.jpg,accepted,,1024,768,139.84,4043.02
Copenhagen,copenhagen_0040.jpg,accepted,,1024,768,132.67,1068.76
Copenhagen,copenhagen_0041.jpg,accepted,,1024,768,60.24,512.31
Copenhagen,copenhagen_0042.jpg,accepted,,1024,768,136.71,480.33
Copenhagen,copenhagen_0043.jpg,accepted,,1024,768,102.87,1601.73
Copenhagen,copenhagen_0044.jpg,accepted,,1024,768,131.05,909.21
Copenhagen,copenhagen_0045.jpg,accepted,,1024,768,130.68,322.89
Copenhagen,copenhagen_0046.jpg,accepted,,1024,768,181.77,467.81
Copenhagen,copenhagen_0047.jpg,accepted,,1024,768,111.26,907.45
Copenhagen,copenhagen_0048.jpg,accepted,,1024,768,149.97,1572.37
Copenhagen,copenhagen_0049.jpg,accepted,,1024,768,115.03,528.86
Copenhagen,copenhagen_0050.jpg,accepted,,1024,768,123.80,903.12
Copenhagen,copenhagen_0051.jpg,accepted,,1024,768,130.00,608.63
Copenhagen,copenhagen_0052.jpg,accepted,,1024,768,171.86,196.93
Copenhagen,copenhagen_0053.jpg,accepted,,1024,768,95.86,1768.46
Copenhagen,copenhagen_0054.jpg,accepted,,1024,768,128.14,1977.82
Copenhagen,copenhagen_0055.jpg,accepted,,1024,768,58.91,775.18
Copenhagen,copenhagen_0056.jpg,accepted,,1024,768,105.50,1131.25
Copenhagen,copenhagen_0057.jpg,accepted,,1024,768,124.12,891.49
Copenhagen,copenhagen_0058.jpg,accepted,,1024,768,79.11,287.84
Copenhagen,copenhagen_0059.jpg,accepted,,1024,768,117.33,2045.49
Copenhagen,copenhagen_0060.jpg,accepted,,1024,768,70.91,309.79
Copenhagen,copenhagen_0061.jpg,accepted,,1024,768,115.53,514.59
Copenhagen,copenhagen_0062.jpg,accepted,,1024,768,117.87,775.87
Copenhagen,copenhagen_0063.jpg,accepted,,1024,768,122.41,144.74
Copenhagen,copenhagen_0064.jpg,accepted,,1024,768,121.12,615.41
Copenhagen,copenhagen_0065.jpg,accepted,,1024,768,85.22,2718.55
Copenhagen,copenhagen_0066.jpg,accepted,,1024,768,96.39,397.91
Copenhagen,copenhagen_0067.jpg,accepted,,1024,768,98.92,171.88
Copenhagen,copenhagen_0068.jpg,accepted,,1024,768,113.24,363.14
Copenhagen,copenhagen_0069.jpg,accepted,,1024,768,134.43,1213.46
Copenhagen,copenhagen_0070.jpg,accepted,,1024,768,131.13,536.30
Copenhagen,copenhagen_0071.jpg,accepted,,1024,768,111.30,587.67
Copenhagen,copenhagen_0072.jpg,accepted,,1024,768,120.53,520.61
Copenhagen,copenhagen_0073.jpg,accepted,,1024,768,89.77,561.91
Copenhagen,copenhagen_0074.jpg,accepted,,1024,768,137.06,462.89
Copenhagen,copenhagen_0075.jpg,accepted,,1024,768,135.60,938.16
Copenhagen,copenhagen_0076.jpg,accepted,,1024,768,147.55,794.53
Copenhagen,copenhagen_0077.jpg,accepted,,1024,768,80.69,1945.33
Copenhagen,copenhagen_0078.jpg,accepted,,1024,768,135.94,828.37
Copenhagen,copenhagen_0079.jpg,accepted,,1024,768,106.66,665.60
Copenhagen,copenhagen_0080.jpg,accepted,,1024,768,117.30,1417.06
Copenhagen,copenhagen_0081.jpg,accepted,,1024,768,94.59,432.39
Copenhagen,copenhagen_0082.jpg,accepted,,1024,768,129.96,1719.03
Copenhagen,copenhagen_0083.jpg,accepted,,1024,768,131.90,1550.89
Copenhagen,copenhagen_0084.jpg,accepted,,1024,768,104.49,574.64
Copenhagen,copenhagen_0085.jpg,accepted,,1024,768,132.13,1688.80
Copenhagen,copenhagen_0086.jpg,accepted,,1024,768,132.37,1079.43
Copenhagen,copenhagen_0087.jpg,accepted,,1024,768,76.09,483.60
Copenhagen,copenhagen_0088.jpg,accepted,,1024,768,100.73,395.18
Copenhagen,copenhagen_0089.jpg,accepted,,1024,768,118.84,574.24
Copenhagen,copenhagen_0090.jpg,accepted,,1024,768,138.22,2348.02
Copenhagen,copenhagen_0091.jpg,accepted,,1024,768,119.01,393.12
Copenhagen,copenhagen_0092.jpg,accepted,,1024,768,162.21,664.64
Copenhagen,copenhagen_0093.jpg,accepted,,1024,768,97.30,130.85
Copenhagen,copenhagen_0094.jpg,accepted,,1024,768,166.46,219.11
Copenhagen,copenhagen_0095.jpg,accepted,,1024,768,87.43,1027.27
Copenhagen,copenhagen_0096.jpg,accepted,,1024,768,124.67,528.71
Copenhagen,copenhagen_0097.jpg,accepted,,1024,768,115.42,1102.38
Copenhagen,copenhagen_0098.jpg,accepted,,1024,768,125.35,415.37
Copenhagen,copenhagen_0099.jpg,accepted,,1024,768,108.12,978.91
Copenhagen,copenhagen_0100.jpg,accepted,,1024,768,68.94,212.59
Copenhagen,copenhagen_0101.jpg,accepted,,1024,768,113.99,995.03
Copenhagen,copenhagen_0102.jpg,accepted,,1024,768,102.27,935.08
Copenhagen,copenhagen_0103.jpg,accepted,,1024,768,114.75,1512.50
Copenhagen,copenhagen_0104.jpg,accepted,,1024,768,111.11,994.32
Copenhagen,copenhagen_0105.jpg,accepted,,1024,768,103.28,908.33
Copenhagen,copenhagen_0106.jpg,accepted,,1024,768,116.11,1310.01
Copenhagen,copenhagen_0107.jpg,accepted,,1024,576,126.11,2040.75
Copenhagen,copenhagen_0108.jpg,accepted,,1024,768,91.22,197.08
Copenhagen,copenhagen_0109.jpg,accepted,,1024,768,139.95,1947.05
Copenhagen,copenhagen_0110.jpg,accepted,,1024,768,101.90,1185.74
Copenhagen,copenhagen_0111.jpg,accepted,,1024,768,97.61,58.79
Copenhagen,copenhagen_0112.jpg,accepted,,1024,768,104.05,315.15
Copenhagen,copenhagen_0113.jpg,accepted,,1024,768,120.37,1179.98
Copenhagen,copenhagen_0114.jpg,accepted,,1024,768,106.04,221.43
Copenhagen,copenhagen_0115.jpg,accepted,,1024,768,169.01,384.96
Copenhagen,copenhagen_0116.jpg,accepted,,1024,768,143.02,924.23
Copenhagen,copenhagen_0117.jpg,accepted,,1024,768,80.77,526.04
Copenhagen,copenhagen_0118.jpg,accepted,,1024,768,122.86,668.85
Copenhagen,copenhagen_0119.jpg,accepted,,1024,768,137.20,371.24
Copenhagen,copenhagen_0120.jpg,accepted,,1024,576,126.58,392.18
Copenhagen,copenhagen_0121.jpg,accepted,,1024,768,86.32,1375.78
Copenhagen,copenhagen_0122.jpg,accepted,,1024,768,97.89,1072.14
Copenhagen,copenhagen_0123.jpg,accepted,,1024,768,109.24,746.16
Copenhagen,copenhagen_0124.jpg,accepted,,1024,768,135.80,342.82
Copenhagen,copenhagen_0125.jpg,accepted,,1024,768,127.86,736.55
Copenhagen,copenhagen_0126.jpg,accepted,,1024,768,150.50,635.01
Copenhagen,copenhagen_0127.jpg,accepted,,1024,768,132.79,596.58
Copenhagen,copenhagen_0128.jpg,accepted,,1024,768,99.46,676.33
Copenhagen,copenhagen_0129.jpg,accepted,,1024,768,92.87,78.47
Copenhagen,copenhagen_0130.jpg,accepted,,1024,768,162.89,449.50
Copenhagen,copenhagen_0131.jpg,accepted,,1024,768,132.00,840.46
Copenhagen,copenhagen_0132.jpg,accepted,,1024,768,81.97,1387.84
Copenhagen,copenhagen_0133.jpg,accepted,,1024,768,128.47,411.74
Copenhagen,copenhagen_0134.jpg,accepted,,1024,768,102.62,97.00
Copenhagen,copenhagen_0135.jpg,accepted,,1024,576,123.14,1557.37
Copenhagen,copenhagen_0136.jpg,accepted,,1024,768,102.25,378.02
Copenhagen,copenhagen_0137.jpg,accepted,,1024,768,105.22,556.61
Copenhagen,copenhagen_0138.jpg,accepted,,1024,768,118.62,1428.14
Copenhagen,copenhagen_0139.jpg,accepted,,1024,768,134.30,834.01
Copenhagen,copenhagen_0140.jpg,accepted,,1024,768,116.08,1009.58
Copenhagen,copenhagen_0141.jpg,accepted,,1024,768,126.13,3220.69
Copenhagen,copenhagen_0142.jpg,accepted,,1024,768,128.84,1436.81
Copenhagen,copenhagen_0143.jpg,accepted,,1024,768,98.85,518.39
Copenhagen,copenhagen_0144.jpg,accepted,,1024,768,137.33,882.46
Copenhagen,copenhagen_0145.jpg,accepted,,1024,768,128.73,344.27
Copenhagen,copenhagen_0146.jpg,accepted,,1024,768,122.91,1052.32
Copenhagen,copenhagen_0147.jpg,accepted,,1024,768,139.85,826.23
Copenhagen,copenhagen_0148.jpg,accepted,,1024,768,106.35,524.56
Copenhagen,copenhagen_0149.jpg,accepted,,1024,768,77.41,71.37
Copenhagen,copenhagen_0150.jpg,accepted,,1024,768,121.99,689.39
Copenhagen,copenhagen_0151.jpg,accepted,,1024,768,129.91,2362.71
Copenhagen,copenhagen_0152.jpg,accepted,,1024,576,91.11,2105.37
Copenhagen,copenhagen_0153.jpg,accepted,,1024,768,91.39,1558.38
Copenhagen,copenhagen_0154.jpg,accepted,,1024,768,132.41,1345.92
Copenhagen,copenhagen_0155.jpg,accepted,,1024,768,130.61,4213.77
Copenhagen,copenhagen_0156.jpg,accepted,,1024,768,103.35,762.64
Copenhagen,copenhagen_0157.jpg,accepted,,1024,768,125.74,830.16
Copenhagen,copenhagen_0158.jpg,accepted,,1024,768,105.31,694.61
Copenhagen,copenhagen_0159.jpg,accepted,,1024,768,98.41,825.67
Copenhagen,copenhagen_0160.jpg,accepted,,1024,768,140.70,775.35
Copenhagen,copenhagen_0161.jpg,accepted,,1024,768,121.28,1320.42
Copenhagen,copenhagen_0162.jpg,accepted,,1024,768,130.51,1145.56
Copenhagen,copenhagen_0163.jpg,accepted,,1024,768,81.33,302.27
Copenhagen,copenhagen_0164.jpg,accepted,,1024,768,106.24,416.30
Copenhagen,copenhagen_0165.jpg,accepted,,1024,768,122.10,526.80
Copenhagen,copenhagen_0166.jpg,accepted,,1024,576,128.51,1401.94
Copenhagen,copenhagen_0167.jpg,accepted,,1024,768,102.27,964.79
Copenhagen,copenhagen_0168.jpg,accepted,,1024,768,119.79,941.12
Copenhagen,copenhagen_0169.jpg,accepted,,1024,768,137.36,1021.23
Copenhagen,copenhagen_0170.jpg,accepted,,1024,768,126.78,727.14
Copenhagen,copenhagen_0171.jpg,accepted,,1024,768,129.16,591.76
Copenhagen,copenhagen_0172.jpg,accepted,,1024,768,122.62,4321.34
Copenhagen,copenhagen_0173.jpg,accepted,,1024,768,79.69,848.09
Copenhagen,copenhagen_0174.jpg,accepted,,1024,576,108.35,2970.02
Copenhagen,copenhagen_0175.jpg,accepted,,1024,768,133.23,1134.24
Copenhagen,copenhagen_0176.jpg,accepted,,1024,576,44.44,326.64
Copenhagen,copenhagen_0177.jpg,accepted,,1024,768,122.36,3290.39
Copenhagen,copenhagen_0178.jpg,accepted,,1024,768,78.84,335.00
Copenhagen,copenhagen_0179.jpg,accepted,,1024,768,122.10,602.41
Copenhagen,copenhagen_0180.jpg,accepted,,1024,768,104.69,941.25
Copenhagen,copenhagen_0181.jpg,accepted,,1024,768,108.48,2589.98
Copenhagen,copenhagen_0182.jpg,accepted,,1024,768,92.46,210.01
Copenhagen,copenhagen_0183.jpg,accepted,,1024,768,98.74,163.53
Copenhagen,copenhagen_0184.jpg,accepted,,1024,768,147.21,979.22
Copenhagen,copenhagen_0185.jpg,accepted,,1024,768,116.62,1783.41
Copenhagen,copenhagen_0186.jpg,accepted,,1024,768,139.01,432.16
Copenhagen,copenhagen_0187.jpg,accepted,,1024,768,142.86,1147.65
Copenhagen,copenhagen_0188.jpg,accepted,,1024,768,130.08,621.79
Copenhagen,copenhagen_0189.jpg,accepted,,1024,768,130.43,2236.64
Copenhagen,copenhagen_0190.jpg,accepted,,1024,768,142.14,326.30
Copenhagen,copenhagen_0191.jpg,accepted,,1024,768,130.05,903.84
Copenhagen,copenhagen_0192.jpg,accepted,,1024,768,128.25,516.02
Copenhagen,copenhagen_0193.jpg,accepted,,1024,768,151.40,897.48
Copenhagen,copenhagen_0194.jpg,accepted,,1024,768,91.17,1328.65
Copenhagen,copenhagen_0195.jpg,accepted,,1024,768,147.15,355.55
Copenhagen,copenhagen_0196.jpg,accepted,,1024,768,126.11,410.67
Copenhagen,copenhagen_0197.jpg,accepted,,1024,768,122.47,237.18
Copenhagen,copenhagen_0198.jpg,accepted,,1024,768,87.48,844.28
Copenhagen,copenhagen_0199.jpg,accepted,,1024,768,133.79,925.02
Copenhagen,copenhagen_0200.jpg,accepted,,1024,768,108.74,1225.25
Copenhagen,copenhagen_0201.jpg,accepted,,1024,768,84.38,257.13
Copenhagen,copenhagen_0202.jpg,accepted,,1024,768,142.76,2151.10
Copenhagen,copenhagen_0203.jpg,accepted,,1024,768,75.56,342.40
Copenhagen,copenhagen_0204.jpg,accepted,,1024,768,97.45,233.79
Copenhagen,copenhagen_0205.jpg,accepted,,1024,768,108.94,1722.37
Copenhagen,copenhagen_0206.jpg,accepted,,1024,768,109.11,697.37
Copenhagen,copenhagen_0207.jpg,accepted,,1024,576,127.88,711.77
Copenhagen,copenhagen_0208.jpg,accepted,,1024,768,102.28,698.88
Copenhagen,copenhagen_0209.jpg,accepted,,1024,768,109.68,741.89
Copenhagen,copenhagen_0210.jpg,accepted,,1024,768,90.31,710.59
Copenhagen,copenhagen_0211.jpg,accepted,,1024,768,86.62,292.70
Copenhagen,copenhagen_0212.jpg,accepted,,1024,768,88.54,205.19
Copenhagen,copenhagen_0213.jpg,accepted,,1024,768,125.27,1288.41
Copenhagen,copenhagen_0214.jpg,accepted,,1024,768,171.97,1444.83
Copenhagen,copenhagen_0215.jpg,accepted,,1024,768,97.56,263.68
Copenhagen,copenhagen_0216.jpg,accepted,,1024,768,105.94,178.02
Copenhagen,copenhagen_0217.jpg,accepted,,1024,768,92.91,826.99
Copenhagen,copenhagen_0218.jpg,accepted,,1024,768,109.56,248.73
Copenhagen,copenhagen_0219.jpg,accepted,,1024,768,96.26,421.76
Copenhagen,copenhagen_0220.jpg,accepted,,1024,576,131.81,263.96
Copenhagen,copenhagen_0221.jpg,accepted,,1024,768,126.21,500.28
Copenhagen,copenhagen_0222.jpg,accepted,,1024,768,100.08,253.30
Copenhagen,copenhagen_0223.jpg,accepted,,1024,768,101.74,295.50
Copenhagen,copenhagen_0224.jpg,accepted,,1024,768,119.41,714.88
Copenhagen,copenhagen_0225.jpg,accepted,,1024,768,129.41,898.61
Copenhagen,copenhagen_0226.jpg,accepted,,1024,768,128.79,1077.42
Copenhagen,copenhagen_0227.jpg,accepted,,1024,768,164.75,436.06
Copenhagen,copenhagen_0228.jpg,accepted,,1024,768,126.56,269.91
Copenhagen,copenhagen_0229.jpg,accepted,,1024,768,118.57,397.55
Copenhagen,copenhagen_0230.jpg,accepted,,1024,768,126.95,1299.05
Copenhagen,copenhagen_0231.jpg,accepted,,1024,768,105.40,451.56
Copenhagen,copenhagen_0232.jpg,accepted,,1024,768,136.80,1047.11
Copenhagen,copenhagen_0233.jpg,accepted,,1024,768,105.22,614.97
Copenhagen,copenhagen_0234.jpg,accepted,,1024,768,117.71,1736.91
Copenhagen,copenhagen_0235.jpg,accepted,,1024,768,127.46,1771.97
Copenhagen,copenhagen_0236.jpg,accepted,,1024,768,120.80,1221.90
Copenhagen,copenhagen_0237.jpg,accepted,,1024,768,135.45,920.10
Copenhagen,copenhagen_0238.jpg,accepted,,1024,768,133.91,1379.47
Copenhagen,copenhagen_0239.jpg,accepted,,1024,768,91.06,2954.92
Copenhagen,copenhagen_0240.jpg,accepted,,1024,768,100.52,1029.19
Copenhagen,copenhagen_0241.jpg,accepted,,1024,768,95.53,670.30
Copenhagen,copenhagen_0242.jpg,accepted,,1024,768,124.30,607.94
Copenhagen,copenhagen_0243.jpg,accepted,,1024,768,99.58,346.41
Copenhagen,copenhagen_0244.jpg,accepted,,1024,768,131.58,628.13
Copenhagen,copenhagen_0245.jpg,accepted,,1024,768,128.24,638.29
Copenhagen,copenhagen_0246.jpg,accepted,,1024,768,114.72,637.43
Copenhagen,copenhagen_0247.jpg,accepted,,1024,768,141.02,71.72
Copenhagen,copenhagen_0248.jpg,accepted,,1024,768,104.79,269.55
Copenhagen,copenhagen_0249.jpg,accepted,,1024,576,107.49,2580.01
Copenhagen,copenhagen_0250.jpg,accepted,,1024,768,121.21,907.99
Copenhagen,copenhagen_0251.jpg,accepted,,1024,768,104.43,1792.68
Copenhagen,copenhagen_0252.jpg,accepted,,1024,768,82.55,261.15
Copenhagen,copenhagen_0253.jpg,accepted,,1024,768,106.84,731.23
Copenhagen,copenhagen_0254.jpg,accepted,,1024,768,76.96,718.27
Copenhagen,copenhagen_0255.jpg,accepted,,1024,576,119.85,2719.68
Copenhagen,copenhagen_0256.jpg,accepted,,1024,768,131.93,941.71
Copenhagen,copenhagen_0257.jpg,accepted,,1024,768,119.88,2555.77
Copenhagen,copenhagen_0258.jpg,accepted,,1024,768,98.20,210.93
Copenhagen,copenhagen_0259.jpg,accepted,,1024,768,100.14,133.53
Copenhagen,copenhagen_0260.jpg,accepted,,1024,768,140.69,969.66
Copenhagen,copenhagen_0261.jpg,accepted,,1024,768,138.24,2735.15
Copenhagen,copenhagen_0262.jpg,accepted,,1024,768,107.95,1734.42
Copenhagen,copenhagen_0263.jpg,accepted,,1024,768,150.64,927.89
Copenhagen,copenhagen_0264.jpg,accepted,,1024,768,98.65,1041.04
Copenhagen,copenhagen_0265.jpg,accepted,,1024,768,93.76,122.52
Copenhagen,copenhagen_0266.jpg,accepted,,1024,768,121.44,1964.10
Copenhagen,copenhagen_0267.jpg,accepted,,1024,768,120.67,400.88
Copenhagen,copenhagen_0268.jpg,accepted,,1024,768,118.37,566.25
Copenhagen,copenhagen_0269.jpg,accepted,,1024,768,95.30,535.86
Copenhagen,copenhagen_0270.jpg,accepted,,1024,768,130.16,247.20
Copenhagen,copenhagen_0271.jpg,accepted,,1024,768,130.95,1139.80
Copenhagen,copenhagen_0272.jpg,accepted,,1024,768,114.81,199.13
Copenhagen,copenhagen_0273.jpg,accepted,,1024,768,153.16,278.80
Copenhagen,copenhagen_0274.jpg,accepted,,1024,768,115.09,1635.17
Copenhagen,copenhagen_0275.jpg,accepted,,1024,768,135.22,783.52
Copenhagen,copenhagen_0276.jpg,accepted,,1024,768,81.56,885.51
Copenhagen,copenhagen_0277.jpg,accepted,,1024,768,121.91,1217.39
Copenhagen,copenhagen_0278.jpg,accepted,,1024,768,116.41,482.02
Copenhagen,copenhagen_0279.jpg,accepted,,1024,768,74.96,290.25
Copenhagen,copenhagen_0280.jpg,accepted,,1024,768,109.91,562.85
Copenhagen,copenhagen_0281.jpg,accepted,,1024,576,123.64,800.78
Copenhagen,copenhagen_0282.jpg,accepted,,1024,768,94.39,735.54
Copenhagen,copenhagen_0283.jpg,accepted,,1024,768,117.81,1362.65
Copenhagen,copenhagen_0284.jpg,accepted,,1024,768,135.08,1514.15
Copenhagen,copenhagen_0285.jpg,accepted,,1024,576,116.02,264.25
Copenhagen,copenhagen_0286.jpg,accepted,,1024,768,138.47,4287.93
Copenhagen,copenhagen_0287.jpg,accepted,,1024,768,106.71,383.91
Copenhagen,copenhagen_0288.jpg,accepted,,1024,768,138.54,533.39
Copenhagen,copenhagen_0289.jpg,accepted,,1024,768,112.35,97.25
Copenhagen,copenhagen_0290.jpg,accepted,,1024,768,125.15,274.39
Copenhagen,copenhagen_0291.jpg,accepted,,1024,768,129.87,1449.62
Copenhagen,copenhagen_0292.jpg,accepted,,1024,768,134.35,269.22
Copenhagen,copenhagen_0293.jpg,accepted,,1024,768,98.56,3603.64
Copenhagen,copenhagen_0294.jpg,accepted,,1024,768,131.32,494.27
Copenhagen,copenhagen_0295.jpg,accepted,,1024,576,61.63,273.20
Copenhagen,copenhagen_0296.jpg,accepted,,1024,768,116.15,2649.62
Copenhagen,copenhagen_0297.jpg,accepted,,1024,768,127.87,434.00
Copenhagen,copenhagen_0298.jpg,accepted,,1024,768,154.55,703.82
Copenhagen,copenhagen_0299.jpg,accepted,,1024,768,112.23,948.43
Copenhagen,copenhagen_0300.jpg,accepted,,1024,768,107.49,332.00
Copenhagen,copenhagen_0301.jpg,accepted,,1024,768,122.62,1700.05
Copenhagen,copenhagen_0302.jpg,accepted,,1024,768,76.55,892.21
Copenhagen,copenhagen_0303.jpg,accepted,,1024,768,133.98,644.29
Copenhagen,copenhagen_0304.jpg,accepted,,1024,768,152.87,1474.44
Copenhagen,copenhagen_0305.jpg,accepted,,1024,768,115.70,542.26
Copenhagen,copenhagen_0306.jpg,accepted,,1024,768,125.17,181.61
Copenhagen,copenhagen_0307.jpg,accepted,,1024,768,117.93,2752.87
Copenhagen,copenhagen_0308.jpg,accepted,,1024,768,123.34,1451.04
Copenhagen,copenhagen_0309.jpg,accepted,,1024,768,109.84,554.11
Copenhagen,copenhagen_0310.jpg,accepted,,1024,768,100.83,1024.32
Copenhagen,copenhagen_0311.jpg,accepted,,1024,768,115.24,623.88
Copenhagen,copenhagen_0312.jpg,accepted,,1024,768,130.26,895.86
Copenhagen,copenhagen_0313.jpg,accepted,,1024,768,111.37,1903.82
Copenhagen,copenhagen_0314.jpg,accepted,,1024,768,110.60,398.23
Copenhagen,copenhagen_0315.jpg,accepted,,1024,768,106.74,1417.39
Copenhagen,copenhagen_0316.jpg,accepted,,1024,768,131.04,663.77
Copenhagen,copenhagen_0317.jpg,accepted,,1024,768,125.62,595.33
Copenhagen,copenhagen_0318.jpg,accepted,,1024,768,126.67,408.66
Copenhagen,copenhagen_0319.jpg,accepted,,1024,768,131.72,570.80
Copenhagen,copenhagen_0320.jpg,accepted,,1024,768,125.60,486.66
Copenhagen,copenhagen_0321.jpg,accepted,,1024,768,86.07,565.80
Copenhagen,copenhagen_0322.jpg,accepted,,1024,768,125.31,2498.91
Copenhagen,copenhagen_0323.jpg,accepted,,1024,768,116.21,1090.99
Copenhagen,copenhagen_0324.jpg,accepted,,1024,768,96.22,364.34
Copenhagen,copenhagen_0325.jpg,accepted,,1024,768,108.39,554.48
Copenhagen,copenhagen_0326.jpg,accepted,,1024,768,106.98,169.51
Copenhagen,copenhagen_0327.jpg,accepted,,1024,768,119.23,1351.66
Copenhagen,copenhagen_0328.jpg,accepted,,1024,768,115.93,636.91
Copenhagen,copenhagen_0329.jpg,accepted,,1024,768,130.61,511.19
Copenhagen,copenhagen_0330.jpg,accepted,,1024,768,150.66,1708.16
Copenhagen,copenhagen_0331.jpg,accepted,,1024,768,106.52,633.08
Copenhagen,copenhagen_0332.jpg,accepted,,1024,768,144.26,1080.86
Copenhagen,copenhagen_0333.jpg,accepted,,1024,768,120.99,1588.53
Copenhagen,copenhagen_0334.jpg,accepted,,1024,768,127.39,2145.55
Copenhagen,copenhagen_0335.jpg,accepted,,1024,768,114.74,894.65
Copenhagen,copenhagen_0336.jpg,accepted,,1024,768,109.99,938.86
Copenhagen,copenhagen_0337.jpg,accepted,,1024,768,107.69,749.77
Copenhagen,copenhagen_0338.jpg,accepted,,1024,768,124.25,1802.43
Copenhagen,copenhagen_0339.jpg,accepted,,1024,768,138.43,1620.19
Copenhagen,copenhagen_0340.jpg,accepted,,1024,768,118.66,1400.33
Copenhagen,copenhagen_0341.jpg,accepted,,1024,768,143.08,1032.44
Copenhagen,copenhagen_0342.jpg,accepted,,1024,576,127.18,2458.03
Copenhagen,copenhagen_0343.jpg,accepted,,1024,768,132.89,1208.26
Copenhagen,copenhagen_0344.jpg,accepted,,1024,768,81.74,617.78
Copenhagen,copenhagen_0345.jpg,accepted,,1024,768,119.58,1053.64
Copenhagen,copenhagen_0346.jpg,accepted,,1024,768,99.67,558.72
Copenhagen,copenhagen_0347.jpg,accepted,,1024,768,84.51,493.19
Copenhagen,copenhagen_0348.jpg,accepted,,1024,768,81.45,159.61
Copenhagen,copenhagen_0349.jpg,accepted,,1024,768,115.22,879.77
Copenhagen,copenhagen_0350.jpg,accepted,,1024,768,117.14,748.22
Copenhagen,copenhagen_0351.jpg,accepted,,1024,768,89.75,57.70
Copenhagen,copenhagen_0352.jpg,accepted,,1024,768,100.87,1115.27
Copenhagen,copenhagen_0353.jpg,accepted,,1024,768,87.76,1112.74
Copenhagen,copenhagen_0354.jpg,accepted,,1024,768,123.01,1595.76
Copenhagen,copenhagen_0355.jpg,accepted,,1024,768,118.95,1855.72
Copenhagen,copenhagen_0356.jpg,accepted,,1024,768,120.04,812.44
Copenhagen,copenhagen_0357.jpg,accepted,,1024,768,116.58,160.94
Copenhagen,copenhagen_0358.jpg,accepted,,1024,768,126.40,743.81
Copenhagen,copenhagen_0359.jpg,accepted,,1024,768,116.01,526.36
Helsinki,helsinki_0001.jpg,accepted,,1024,768,136.82,1919.67
Helsinki,helsinki_0002.jpg,accepted,,1024,768,126.16,632.06
Helsinki,helsinki_0003.jpg,accepted,,1024,768,106.59,1569.95
Helsinki,helsinki_0004.jpg,accepted,,1024,576,103.50,2823.28
Helsinki,helsinki_0005.jpg,accepted,,1024,768,112.61,1990.07
Helsinki,helsinki_0006.jpg,accepted,,1024,768,106.75,883.05
Helsinki,helsinki_0007.jpg,accepted,,1024,576,122.85,1143.18
Helsinki,helsinki_0008.jpg,accepted,,1024,768,128.98,830.27
Helsinki,helsinki_0009.jpg,accepted,,1024,768,116.27,1626.05
Helsinki,helsinki_0010.jpg,accepted,,1024,576,134.32,1742.17
Helsinki,helsinki_0011.jpg,accepted,,1024,768,132.59,2341.16
Helsinki,helsinki_0012.jpg,accepted,,1024,768,123.71,1740.15
Helsinki,helsinki_0013.jpg,accepted,,1024,768,146.80,307.69
Helsinki,helsinki_0014.jpg,accepted,,1024,768,107.50,528.98
Helsinki,helsinki_0015.jpg,accepted,,1024,768,93.17,838.23
Helsinki,helsinki_0016.jpg,accepted,,1024,576,104.67,1037.69
Helsinki,helsinki_0017.jpg,accepted,,1024,576,74.41,407.26
Helsinki,helsinki_0018.jpg,accepted,,1024,576,104.45,390.06
Helsinki,helsinki_0019.jpg,accepted,,1024,768,111.93,855.72
Helsinki,helsinki_0020.jpg,accepted,,1024,768,104.03,641.94
Helsinki,helsinki_0021.jpg,accepted,,1024,768,119.34,1700.67
Helsinki,helsinki_0022.jpg,accepted,,1024,768,100.93,303.86
Helsinki,helsinki_0023.jpg,accepted,,1024,576,87.01,458.20
Helsinki,helsinki_0024.jpg,accepted,,1024,768,86.06,718.50
Helsinki,helsinki_0025.jpg,accepted,,1024,768,107.44,207.23
Helsinki,helsinki_0026.jpg,accepted,,1024,768,107.22,1456.47
Helsinki,helsinki_0027.jpg,accepted,,1024,768,86.82,530.81
Helsinki,helsinki_0028.jpg,accepted,,1024,576,95.98,374.29
Helsinki,helsinki_0029.jpg,accepted,,1024,768,101.41,1967.89
Helsinki,helsinki_0030.jpg,accepted,,1024,768,129.12,607.68
Helsinki,helsinki_0031.jpg,accepted,,1024,768,114.29,170.95
Helsinki,helsinki_0032.jpg,accepted,,1024,768,105.90,346.44
Helsinki,helsinki_0033.jpg,accepted,,1024,768,116.74,1903.34
Helsinki,helsinki_0034.jpg,accepted,,1024,768,121.34,1274.91
Helsinki,helsinki_0035.jpg,accepted,,1024,768,100.69,392.95
Helsinki,helsinki_0036.jpg,accepted,,1024,576,137.41,942.64
Helsinki,helsinki_0037.jpg,accepted,,1024,576,97.43,607.35
Helsinki,helsinki_0038.jpg,accepted,,1024,768,129.35,410.49
Helsinki,helsinki_0039.jpg,accepted,,1024,768,98.44,525.22
Helsinki,helsinki_0040.jpg,accepted,,1024,576,93.72,1284.10
Helsinki,helsinki_0041.jpg,accepted,,1024,768,87.05,553.53
Helsinki,helsinki_0042.jpg,accepted,,1024,768,75.79,574.78
Helsinki,helsinki_0043.jpg,review,possible_blur,1024,768,83.59,17.99
Helsinki,helsinki_0044.jpg,accepted,,1024,768,94.31,271.03
Helsinki,helsinki_0045.jpg,accepted,,1024,576,101.93,257.15
Helsinki,helsinki_0046.jpg,accepted,,1024,576,131.03,1221.68
Helsinki,helsinki_0047.jpg,accepted,,1024,768,126.97,1455.36
Helsinki,helsinki_0048.jpg,accepted,,1024,768,110.79,688.87
Helsinki,helsinki_0049.jpg,accepted,,1024,768,44.55,335.11
Helsinki,helsinki_0050.jpg,accepted,,1024,768,114.72,396.38
Helsinki,helsinki_0051.jpg,accepted,,1024,768,119.87,401.89
Helsinki,helsinki_0052.jpg,accepted,,1024,768,125.92,2324.06
Helsinki,helsinki_0053.jpg,accepted,,1024,768,100.08,295.86
Helsinki,helsinki_0054.jpg,accepted,,1024,576,84.38,228.21
Helsinki,helsinki_0055.jpg,accepted,,1024,576,111.13,159.65
Helsinki,helsinki_0056.jpg,accepted,,1024,768,115.16,283.72
Helsinki,helsinki_0057.jpg,accepted,,1024,576,97.07,1894.72
Helsinki,helsinki_0058.jpg,accepted,,1024,576,85.76,267.60
Helsinki,helsinki_0059.jpg,accepted,,1024,768,90.31,956.52
Helsinki,helsinki_0060.jpg,review,possible_blur,1024,768,123.65,12.67
Helsinki,helsinki_0061.jpg,accepted,,1024,768,107.44,3512.00
Helsinki,helsinki_0062.jpg,accepted,,1024,576,104.45,558.88
Helsinki,helsinki_0063.jpg,accepted,,1024,768,143.71,368.69
Helsinki,helsinki_0064.jpg,accepted,,1024,768,77.52,360.95
Helsinki,helsinki_0065.jpg,accepted,,1024,768,76.61,537.94
Helsinki,helsinki_0066.jpg,accepted,,1024,576,62.12,1280.49
Helsinki,helsinki_0067.jpg,accepted,,1024,768,90.74,585.50
Helsinki,helsinki_0068.jpg,accepted,,1024,768,108.42,1689.78
Helsinki,helsinki_0069.jpg,accepted,,1024,768,103.25,1184.91
Helsinki,helsinki_0070.jpg,accepted,,1024,576,116.21,1675.71
Helsinki,helsinki_0071.jpg,accepted,,1024,576,97.34,335.41
Helsinki,helsinki_0072.jpg,accepted,,1024,576,76.18,323.29
Helsinki,helsinki_0073.jpg,accepted,,1024,768,135.07,1353.80
Helsinki,helsinki_0074.jpg,accepted,,1024,768,106.16,205.19
Helsinki,helsinki_0075.jpg,accepted,,1024,768,124.10,1257.62
Helsinki,helsinki_0076.jpg,accepted,,1024,768,59.54,1181.07
Helsinki,helsinki_0077.jpg,accepted,,1024,768,119.80,97.91
Helsinki,helsinki_0078.jpg,accepted,,1024,768,101.23,1490.11
Helsinki,helsinki_0079.jpg,accepted,,1024,576,112.16,1215.21
Helsinki,helsinki_0080.jpg,accepted,,1024,768,191.69,68.39
Helsinki,helsinki_0081.jpg,accepted,,1024,768,97.10,1339.96
Helsinki,helsinki_0082.jpg,accepted,,1024,768,138.47,865.94
Helsinki,helsinki_0083.jpg,accepted,,1024,768,127.00,1072.85
Helsinki,helsinki_0084.jpg,accepted,,1024,768,85.21,1304.07
Helsinki,helsinki_0085.jpg,accepted,,1024,768,121.99,3351.03
Helsinki,helsinki_0086.jpg,accepted,,1024,768,113.63,852.74
Helsinki,helsinki_0087.jpg,accepted,,1024,768,99.80,929.34
Helsinki,helsinki_0088.jpg,accepted,,1024,576,90.69,397.17
Helsinki,helsinki_0089.jpg,accepted,,1024,768,113.56,898.86
Helsinki,helsinki_0090.jpg,accepted,,1024,576,134.90,2089.94
Helsinki,helsinki_0091.jpg,accepted,,1024,768,122.78,2313.84
Helsinki,helsinki_0092.jpg,accepted,,1024,768,136.98,1911.33
Helsinki,helsinki_0093.jpg,accepted,,1024,576,83.15,703.62
Helsinki,helsinki_0094.jpg,accepted,,1024,768,120.42,44.48
Helsinki,helsinki_0095.jpg,accepted,,1024,576,99.50,241.32
Helsinki,helsinki_0096.jpg,accepted,,1024,576,136.95,2200.16
Helsinki,helsinki_0097.jpg,accepted,,1024,768,135.30,716.11
Helsinki,helsinki_0098.jpg,accepted,,1024,768,114.93,853.33
Helsinki,helsinki_0099.jpg,accepted,,1024,768,121.45,258.42
Helsinki,helsinki_0100.jpg,accepted,,1024,768,98.01,877.68
Helsinki,helsinki_0101.jpg,accepted,,1024,576,66.44,859.34
Helsinki,helsinki_0102.jpg,accepted,,1024,768,108.40,2248.55
Helsinki,helsinki_0103.jpg,accepted,,1024,768,118.45,2328.75
Helsinki,helsinki_0104.jpg,accepted,,1024,576,129.66,892.02
Helsinki,helsinki_0105.jpg,accepted,,1024,576,98.05,1206.06
Helsinki,helsinki_0106.jpg,accepted,,1024,768,76.27,326.09
Helsinki,helsinki_0107.jpg,accepted,,1024,768,85.24,1194.48
Helsinki,helsinki_0108.jpg,accepted,,1024,576,103.86,1345.51
Helsinki,helsinki_0109.jpg,accepted,,1024,768,92.17,2018.67
Helsinki,helsinki_0110.jpg,accepted,,1024,576,119.80,1367.19
Helsinki,helsinki_0111.jpg,accepted,,1024,768,143.70,1712.18
Helsinki,helsinki_0112.jpg,accepted,,1024,577,98.81,1554.27
Helsinki,helsinki_0113.jpg,accepted,,1024,768,135.23,316.97
Helsinki,helsinki_0114.jpg,accepted,,1024,768,93.79,199.55
Helsinki,helsinki_0115.jpg,accepted,,1024,768,129.54,1849.67
Helsinki,helsinki_0116.jpg,accepted,,1024,768,102.81,1155.78
Helsinki,helsinki_0117.jpg,accepted,,1024,768,103.80,3932.28
Helsinki,helsinki_0118.jpg,accepted,,1024,576,103.10,453.06
Helsinki,helsinki_0119.jpg,accepted,,1024,768,110.32,1482.50
Helsinki,helsinki_0120.jpg,accepted,,1024,576,140.23,3201.18
Helsinki,helsinki_0121.jpg,accepted,,1024,768,125.20,1468.39
Helsinki,helsinki_0122.jpg,accepted,,1024,576,100.22,1154.27
Helsinki,helsinki_0123.jpg,accepted,,1024,768,82.56,624.60
Helsinki,helsinki_0124.jpg,accepted,,1024,576,98.08,273.48
Helsinki,helsinki_0125.jpg,review,possible_blur,1024,768,92.00,3.42
Helsinki,helsinki_0126.jpg,accepted,,1024,768,123.22,675.23
Helsinki,helsinki_0127.jpg,accepted,,1024,768,106.86,211.26
Helsinki,helsinki_0128.jpg,accepted,,1024,576,107.41,1443.30
Helsinki,helsinki_0129.jpg,accepted,,1024,768,115.10,945.13
Helsinki,helsinki_0130.jpg,accepted,,1024,768,120.98,3054.95
Helsinki,helsinki_0131.jpg,accepted,,1024,768,123.19,2269.74
Helsinki,helsinki_0132.jpg,accepted,,1024,768,90.71,224.31
Helsinki,helsinki_0133.jpg,accepted,,1024,768,123.03,73.14
Helsinki,helsinki_0134.jpg,accepted,,1024,768,90.35,658.08
Helsinki,helsinki_0135.jpg,accepted,,1024,768,125.76,1011.26
Helsinki,helsinki_0136.jpg,accepted,,1024,768,135.69,848.55
Helsinki,helsinki_0137.jpg,accepted,,1024,768,120.17,1661.37
Helsinki,helsinki_0138.jpg,accepted,,1024,768,98.43,388.52
Helsinki,helsinki_0139.jpg,accepted,,1024,768,136.08,1071.74
Helsinki,helsinki_0140.jpg,accepted,,1024,576,124.29,736.24
Helsinki,helsinki_0141.jpg,accepted,,1024,768,111.90,1516.09
Helsinki,helsinki_0142.jpg,accepted,,1024,768,94.03,2795.14
Helsinki,helsinki_0143.jpg,accepted,,1024,576,119.01,2000.43
Helsinki,helsinki_0144.jpg,accepted,,1024,768,115.40,1170.30
Helsinki,helsinki_0145.jpg,accepted,,1024,576,84.00,338.88
Helsinki,helsinki_0146.jpg,accepted,,1024,768,108.78,1708.46
Helsinki,helsinki_0147.jpg,accepted,,1024,768,117.52,1273.10
Helsinki,helsinki_0148.jpg,accepted,,1024,576,85.96,554.31
Helsinki,helsinki_0149.jpg,accepted,,1024,576,82.40,1254.90
Helsinki,helsinki_0150.jpg,accepted,,1024,768,105.08,1268.03
Helsinki,helsinki_0151.jpg,accepted,,1024,576,137.29,2277.49
Helsinki,helsinki_0152.jpg,accepted,,1024,768,83.35,478.10
Helsinki,helsinki_0153.jpg,accepted,,1024,576,119.01,826.40
Helsinki,helsinki_0154.jpg,accepted,,1024,768,134.62,363.30
Helsinki,helsinki_0155.jpg,accepted,,1024,768,115.18,1410.31
Helsinki,helsinki_0156.jpg,accepted,,1024,768,90.98,112.47
Helsinki,helsinki_0157.jpg,accepted,,1024,768,130.43,1250.22
Helsinki,helsinki_0158.jpg,accepted,,1024,576,137.39,1224.12
Helsinki,helsinki_0159.jpg,accepted,,1024,768,86.97,395.77
Helsinki,helsinki_0160.jpg,accepted,,1024,768,137.57,2464.04
Helsinki,helsinki_0161.jpg,accepted,,1024,768,98.80,844.60
Helsinki,helsinki_0162.jpg,accepted,,1024,576,118.57,1118.05
Helsinki,helsinki_0163.jpg,accepted,,1024,576,94.89,869.41
Helsinki,helsinki_0164.jpg,accepted,,1024,768,120.17,3530.28
Helsinki,helsinki_0165.jpg,accepted,,1024,576,97.13,2257.11
Helsinki,helsinki_0166.jpg,accepted,,1024,768,94.85,675.55
Helsinki,helsinki_0167.jpg,accepted,,1024,768,103.70,2797.80
Helsinki,helsinki_0168.jpg,accepted,,1024,576,123.90,538.92
Helsinki,helsinki_0169.jpg,accepted,,1024,768,86.26,129.14
Helsinki,helsinki_0170.jpg,accepted,,1024,576,105.18,2837.20
Helsinki,helsinki_0171.jpg,accepted,,1024,768,124.90,1341.91
Helsinki,helsinki_0172.jpg,accepted,,1024,768,128.89,132.49
Helsinki,helsinki_0173.jpg,accepted,,1024,768,108.60,1340.23
Helsinki,helsinki_0174.jpg,accepted,,1024,768,113.00,716.97
Helsinki,helsinki_0175.jpg,accepted,,1024,768,124.55,2532.46
Helsinki,helsinki_0176.jpg,accepted,,1024,768,109.51,1116.58
Helsinki,helsinki_0177.jpg,accepted,,1024,576,137.53,279.59
Helsinki,helsinki_0178.jpg,accepted,,1024,576,114.69,1280.46
Helsinki,helsinki_0179.jpg,accepted,,1024,768,107.83,103.68
Helsinki,helsinki_0180.jpg,accepted,,1024,768,97.25,208.50
Helsinki,helsinki_0181.jpg,accepted,,1024,768,116.86,678.91
Helsinki,helsinki_0182.jpg,accepted,,1024,768,134.49,253.41
Helsinki,helsinki_0183.jpg,accepted,,1024,768,90.48,400.91
Helsinki,helsinki_0184.jpg,accepted,,1024,576,127.38,1269.71
Helsinki,helsinki_0185.jpg,accepted,,1024,768,104.60,1712.94
Helsinki,helsinki_0186.jpg,accepted,,1024,768,91.24,789.56
Helsinki,helsinki_0187.jpg,accepted,,1024,768,117.54,836.49
Helsinki,helsinki_0188.jpg,accepted,,1024,768,75.46,579.48
Helsinki,helsinki_0189.jpg,accepted,,1024,576,127.21,941.81
Helsinki,helsinki_0190.jpg,accepted,,1024,576,102.24,535.87
Helsinki,helsinki_0191.jpg,accepted,,1024,768,108.15,1847.79
Helsinki,helsinki_0192.jpg,accepted,,1024,768,137.79,1475.99
Helsinki,helsinki_0193.jpg,accepted,,1024,768,121.51,417.99
Helsinki,helsinki_0194.jpg,accepted,,1024,576,103.74,1941.03
Helsinki,helsinki_0195.jpg,accepted,,1024,576,78.09,431.49
Helsinki,helsinki_0196.jpg,accepted,,1024,768,127.72,1442.06
Helsinki,helsinki_0197.jpg,accepted,,1024,768,127.25,1140.89
Helsinki,helsinki_0198.jpg,accepted,,1024,577,80.46,2678.41
Helsinki,helsinki_0199.jpg,accepted,,1024,768,105.30,451.20
Helsinki,helsinki_0200.jpg,accepted,,1024,576,109.87,406.81
Helsinki,helsinki_0201.jpg,accepted,,1024,576,97.65,236.92
Helsinki,helsinki_0202.jpg,accepted,,1024,768,91.40,453.32
Helsinki,helsinki_0203.jpg,accepted,,1024,768,88.08,364.45
Helsinki,helsinki_0204.jpg,accepted,,1024,768,96.33,564.89
Helsinki,helsinki_0205.jpg,accepted,,1024,576,112.58,3449.54
Helsinki,helsinki_0206.jpg,accepted,,1024,768,114.70,1449.45
Helsinki,helsinki_0207.jpg,accepted,,1024,576,81.25,700.00
Helsinki,helsinki_0208.jpg,accepted,,1024,768,103.82,1323.56
Helsinki,helsinki_0209.jpg,accepted,,1024,768,122.08,5476.69
Helsinki,helsinki_0210.jpg,accepted,,1024,768,65.27,6075.59
Helsinki,helsinki_0211.jpg,accepted,,1024,576,118.01,2681.10
Helsinki,helsinki_0212.jpg,accepted,,1024,576,125.71,348.58
Helsinki,helsinki_0213.jpg,accepted,,1024,576,165.18,3637.52
Helsinki,helsinki_0214.jpg,accepted,,1024,768,119.95,1055.69
Helsinki,helsinki_0215.jpg,accepted,,1024,576,113.86,4224.48
Helsinki,helsinki_0216.jpg,accepted,,1024,576,101.69,1100.17
Helsinki,helsinki_0217.jpg,accepted,,1024,768,70.92,256.00
Helsinki,helsinki_0218.jpg,accepted,,1024,768,117.28,565.63
Helsinki,helsinki_0219.jpg,accepted,,1024,576,125.43,543.10
Helsinki,helsinki_0220.jpg,accepted,,1024,768,81.82,630.81
Helsinki,helsinki_0221.jpg,accepted,,1024,768,76.65,143.56
Helsinki,helsinki_0222.jpg,accepted,,1024,768,102.84,1232.18
Helsinki,helsinki_0223.jpg,accepted,,1024,768,102.94,2143.38
Helsinki,helsinki_0224.jpg,accepted,,1024,768,116.97,1350.35
Helsinki,helsinki_0225.jpg,accepted,,1024,768,138.14,1009.41
Helsinki,helsinki_0226.jpg,accepted,,1024,768,112.48,2145.33
Helsinki,helsinki_0227.jpg,accepted,,1024,576,148.36,712.28
Helsinki,helsinki_0228.jpg,accepted,,1024,768,119.89,1761.07
Helsinki,helsinki_0229.jpg,accepted,,1024,768,124.91,754.62
Helsinki,helsinki_0230.jpg,accepted,,1024,768,71.35,364.74
Helsinki,helsinki_0231.jpg,accepted,,1024,768,82.86,338.31
Helsinki,helsinki_0232.jpg,accepted,,1024,768,109.03,238.31
Helsinki,helsinki_0233.jpg,accepted,,1024,768,108.79,271.14
Helsinki,helsinki_0234.jpg,accepted,,1024,576,116.61,6255.18
Helsinki,helsinki_0235.jpg,accepted,,1024,576,95.12,3133.64
Helsinki,helsinki_0236.jpg,accepted,,1024,576,115.62,2578.50
Helsinki,helsinki_0237.jpg,accepted,,1024,768,107.19,1102.69
Helsinki,helsinki_0238.jpg,accepted,,1024,768,108.39,193.06
Helsinki,helsinki_0239.jpg,accepted,,1024,768,98.04,405.51
Helsinki,helsinki_0240.jpg,accepted,,1024,768,50.99,4407.18
Helsinki,helsinki_0241.jpg,accepted,,1024,768,74.54,885.00
Helsinki,helsinki_0242.jpg,accepted,,1024,576,68.27,798.15
Helsinki,helsinki_0243.jpg,accepted,,1024,576,113.14,2341.73
Helsinki,helsinki_0244.jpg,accepted,,1024,576,125.04,2408.17
Helsinki,helsinki_0245.jpg,accepted,,1024,768,116.24,3569.01
Helsinki,helsinki_0246.jpg,accepted,,1024,576,137.84,661.76
Helsinki,helsinki_0247.jpg,accepted,,1024,768,88.05,480.61
Helsinki,helsinki_0248.jpg,accepted,,1024,576,95.17,1429.77
Helsinki,helsinki_0249.jpg,accepted,,1024,576,99.00,1396.37
Helsinki,helsinki_0250.jpg,accepted,,1024,576,121.86,775.86
Helsinki,helsinki_0251.jpg,accepted,,1024,576,119.78,1445.54
Helsinki,helsinki_0252.jpg,accepted,,1024,576,125.62,1387.00
Helsinki,helsinki_0253.jpg,accepted,,1024,768,107.83,991.85
Helsinki,helsinki_0254.jpg,accepted,,1024,768,99.81,145.48
Helsinki,helsinki_0255.jpg,accepted,,1024,576,128.35,1564.09
Helsinki,helsinki_0256.jpg,accepted,,1024,577,107.04,2322.08
Helsinki,helsinki_0257.jpg,accepted,,1024,768,106.51,679.25
Helsinki,helsinki_0258.jpg,accepted,,1024,768,100.45,1581.81
Helsinki,helsinki_0259.jpg,accepted,,1024,768,104.31,696.70
Helsinki,helsinki_0260.jpg,accepted,,1024,768,79.78,341.24
Helsinki,helsinki_0261.jpg,accepted,,1024,768,97.92,346.87
Helsinki,helsinki_0262.jpg,accepted,,1024,768,112.39,1202.26
Helsinki,helsinki_0263.jpg,accepted,,1024,768,102.92,1203.45
Helsinki,helsinki_0264.jpg,accepted,,1024,768,88.67,805.77
Helsinki,helsinki_0265.jpg,accepted,,1024,576,106.05,1375.20
Helsinki,helsinki_0266.jpg,accepted,,1024,576,99.78,493.10
Helsinki,helsinki_0267.jpg,accepted,,1024,576,125.21,1453.45
Helsinki,helsinki_0268.jpg,accepted,,1024,768,87.16,372.42
Helsinki,helsinki_0269.jpg,accepted,,1024,576,120.72,2299.16
Helsinki,helsinki_0270.jpg,accepted,,1024,768,126.83,641.57
Helsinki,helsinki_0271.jpg,accepted,,1024,768,84.74,432.61
Helsinki,helsinki_0272.jpg,accepted,,1024,768,91.37,315.27
Helsinki,helsinki_0273.jpg,accepted,,1024,768,99.95,472.58
Helsinki,helsinki_0274.jpg,accepted,,1024,768,100.92,402.58
Helsinki,helsinki_0275.jpg,accepted,,1024,576,109.37,1980.34
Helsinki,helsinki_0276.jpg,accepted,,1024,768,124.24,4299.09
Helsinki,helsinki_0277.jpg,accepted,,1024,576,118.25,2753.67
Helsinki,helsinki_0278.jpg,accepted,,1024,576,86.76,339.19
Helsinki,helsinki_0279.jpg,accepted,,1024,768,127.02,1444.02
Helsinki,helsinki_0280.jpg,accepted,,1024,768,98.91,1505.64
Helsinki,helsinki_0281.jpg,accepted,,1024,576,101.07,2339.53
Helsinki,helsinki_0282.jpg,accepted,,1024,576,87.73,2430.76
Helsinki,helsinki_0283.jpg,accepted,,1024,768,102.64,345.72
Helsinki,helsinki_0284.jpg,accepted,,1024,768,108.53,2126.84
Helsinki,helsinki_0285.jpg,accepted,,1024,576,113.24,1340.12
Helsinki,helsinki_0286.jpg,accepted,,1024,768,92.66,665.25
Helsinki,helsinki_0287.jpg,accepted,,1024,576,126.26,490.85
Helsinki,helsinki_0288.jpg,accepted,,1024,768,101.27,69.31
Helsinki,helsinki_0289.jpg,accepted,,1024,576,102.14,690.61
Helsinki,helsinki_0290.jpg,accepted,,1024,768,72.34,1630.01
Helsinki,helsinki_0291.jpg,accepted,,1024,768,102.23,293.60
Helsinki,helsinki_0292.jpg,accepted,,1024,768,118.81,1409.81
Helsinki,helsinki_0293.jpg,accepted,,1024,576,105.73,1011.09
Helsinki,helsinki_0294.jpg,accepted,,1024,768,114.71,860.92
Helsinki,helsinki_0295.jpg,accepted,,1024,768,104.15,528.79
Helsinki,helsinki_0296.jpg,accepted,,1024,577,125.15,302.11
Helsinki,helsinki_0297.jpg,accepted,,1024,768,115.80,1781.13
Helsinki,helsinki_0298.jpg,accepted,,1024,576,121.97,1560.86
Helsinki,helsinki_0299.jpg,accepted,,1024,768,87.22,842.57
Helsinki,helsinki_0300.jpg,accepted,,1024,576,122.85,2317.22
Helsinki,helsinki_0301.jpg,accepted,,1024,768,82.83,921.98
Helsinki,helsinki_0302.jpg,accepted,,1024,576,109.22,624.75
Helsinki,helsinki_0303.jpg,accepted,,1024,768,105.45,1449.14
Helsinki,helsinki_0304.jpg,accepted,,1024,576,119.75,1067.81
Helsinki,helsinki_0305.jpg,accepted,,1024,768,80.00,723.55
Helsinki,helsinki_0306.jpg,accepted,,1024,768,130.73,1679.94
Helsinki,helsinki_0307.jpg,accepted,,1024,768,88.61,1068.60
Helsinki,helsinki_0308.jpg,accepted,,1024,768,97.77,197.64
Helsinki,helsinki_0309.jpg,accepted,,1024,768,115.54,791.36
Helsinki,helsinki_0310.jpg,accepted,,1024,768,110.46,723.41
Helsinki,helsinki_0311.jpg,accepted,,1024,576,137.46,1110.18
Helsinki,helsinki_0312.jpg,accepted,,1024,576,104.12,1446.77
Helsinki,helsinki_0313.jpg,accepted,,1024,768,122.93,1230.64
Helsinki,helsinki_0314.jpg,accepted,,1024,576,97.73,2144.97
Helsinki,helsinki_0315.jpg,accepted,,1024,768,112.55,707.22
Helsinki,helsinki_0316.jpg,accepted,,1024,768,112.98,2746.72
Helsinki,helsinki_0317.jpg,accepted,,1024,768,135.57,844.76
Helsinki,helsinki_0318.jpg,accepted,,1024,768,111.39,552.14
Helsinki,helsinki_0319.jpg,accepted,,1024,576,147.42,250.44
Helsinki,helsinki_0320.jpg,accepted,,1024,768,122.67,3000.71
Helsinki,helsinki_0321.jpg,accepted,,1024,576,114.15,2268.53
Helsinki,helsinki_0322.jpg,accepted,,1024,768,126.76,2840.11
Helsinki,helsinki_0323.jpg,accepted,,1024,768,81.67,741.99
Helsinki,helsinki_0324.jpg,accepted,,1024,576,64.74,995.75
Helsinki,helsinki_0325.jpg,accepted,,1024,576,109.97,956.02
Helsinki,helsinki_0326.jpg,accepted,,1024,576,123.24,2504.72
Helsinki,helsinki_0327.jpg,accepted,,1024,576,108.38,1313.68
Helsinki,helsinki_0328.jpg,accepted,,1024,576,107.65,878.20
Helsinki,helsinki_0329.jpg,accepted,,1024,768,119.19,2760.24
Helsinki,helsinki_0330.jpg,accepted,,1024,768,112.44,1284.37
Helsinki,helsinki_0331.jpg,accepted,,1024,768,97.41,492.62
Helsinki,helsinki_0332.jpg,accepted,,1024,576,103.67,1482.55
Helsinki,helsinki_0333.jpg,accepted,,1024,576,114.08,1757.37
Helsinki,helsinki_0334.jpg,accepted,,1024,576,69.30,1101.41
Helsinki,helsinki_0335.jpg,accepted,,1024,576,89.61,257.07
Helsinki,helsinki_0336.jpg,accepted,,1024,577,118.95,1853.36
Helsinki,helsinki_0337.jpg,accepted,,1024,768,92.99,471.57
Helsinki,helsinki_0338.jpg,accepted,,1024,768,64.93,810.85
Helsinki,helsinki_0339.jpg,accepted,,1024,576,83.01,713.61
Helsinki,helsinki_0340.jpg,accepted,,1024,768,121.18,388.88
Helsinki,helsinki_0341.jpg,accepted,,1024,768,108.21,1961.35
Helsinki,helsinki_0342.jpg,accepted,,1024,768,117.34,978.10
Helsinki,helsinki_0343.jpg,accepted,,1024,768,129.58,2675.49
Helsinki,helsinki_0344.jpg,accepted,,1024,768,161.73,2220.91
Helsinki,helsinki_0345.jpg,accepted,,1024,768,118.32,503.50
Helsinki,helsinki_0346.jpg,accepted,,1024,768,98.57,2897.42
Helsinki,helsinki_0347.jpg,accepted,,1024,768,120.23,925.14
Helsinki,helsinki_0348.jpg,accepted,,1024,768,119.87,290.58
Helsinki,helsinki_0349.jpg,accepted,,1024,576,128.05,1506.28
Helsinki,helsinki_0350.jpg,accepted,,1024,576,131.90,2349.46
Helsinki,helsinki_0351.jpg,accepted,,1024,576,84.02,479.68
Helsinki,helsinki_0352.jpg,accepted,,1024,768,106.21,1730.43
Helsinki,helsinki_0353.jpg,accepted,,1024,576,88.52,652.37
Helsinki,helsinki_0354.jpg,accepted,,1024,768,123.79,3773.11
Helsinki,helsinki_0355.jpg,accepted,,1024,576,106.45,776.72
Ljubljana,ljubljana_0001.jpg,accepted,,1024,768,99.53,1464.14
Ljubljana,ljubljana_0002.jpg,accepted,,1024,768,123.30,1145.53
Ljubljana,ljubljana_0003.jpg,accepted,,1024,576,101.09,341.11
Ljubljana,ljubljana_0004.jpg,accepted,,1024,768,97.94,1712.73
Ljubljana,ljubljana_0005.jpg,accepted,,1024,768,111.36,1655.96
Ljubljana,ljubljana_0006.jpg,accepted,,1024,768,77.13,947.40
Ljubljana,ljubljana_0007.jpg,accepted,,1024,576,66.86,1186.30
Ljubljana,ljubljana_0008.jpg,accepted,,1024,768,106.76,1350.98
Ljubljana,ljubljana_0009.jpg,accepted,,1024,576,130.50,1216.69
Ljubljana,ljubljana_0010.jpg,accepted,,1024,768,109.76,1973.07
Ljubljana,ljubljana_0011.jpg,accepted,,1024,768,133.39,535.67
Ljubljana,ljubljana_0012.jpg,accepted,,1024,768,114.17,1632.13
Ljubljana,ljubljana_0013.jpg,accepted,,1024,768,114.50,260.49
Ljubljana,ljubljana_0014.jpg,accepted,,1024,576,92.44,613.52
Ljubljana,ljubljana_0015.jpg,accepted,,1024,768,96.66,631.92
Ljubljana,ljubljana_0016.jpg,accepted,,1024,768,100.22,935.54
Ljubljana,ljubljana_0017.jpg,accepted,,1024,768,106.61,1104.36
Ljubljana,ljubljana_0018.jpg,accepted,,1024,768,131.82,1546.53
Ljubljana,ljubljana_0019.jpg,accepted,,1024,768,109.33,656.07
Ljubljana,ljubljana_0020.jpg,accepted,,1024,576,111.28,1097.64
Ljubljana,ljubljana_0021.jpg,accepted,,1024,768,104.89,865.00
Ljubljana,ljubljana_0022.jpg,accepted,,1024,576,87.29,802.09
Ljubljana,ljubljana_0023.jpg,accepted,,1024,768,136.30,574.36
Ljubljana,ljubljana_0024.jpg,accepted,,1024,768,136.37,729.72
Ljubljana,ljubljana_0025.jpg,accepted,,1024,768,106.02,1158.53
Ljubljana,ljubljana_0026.jpg,accepted,,1024,768,124.54,731.79
Ljubljana,ljubljana_0027.jpg,accepted,,1024,768,109.34,759.10
Ljubljana,ljubljana_0028.jpg,accepted,,1024,768,130.65,2678.25
Ljubljana,ljubljana_0029.jpg,accepted,,1024,768,148.19,596.20
Ljubljana,ljubljana_0030.jpg,accepted,,1024,768,134.00,445.94
Ljubljana,ljubljana_0031.jpg,accepted,,1024,768,134.21,569.13
Ljubljana,ljubljana_0032.jpg,accepted,,1024,768,104.59,1077.05
Ljubljana,ljubljana_0033.jpg,accepted,,1024,576,98.03,1593.46
Ljubljana,ljubljana_0034.jpg,accepted,,1024,576,132.62,1373.12
Ljubljana,ljubljana_0035.jpg,accepted,,1024,768,145.65,1102.31
Ljubljana,ljubljana_0036.jpg,accepted,,1024,578,117.32,1619.05
Ljubljana,ljubljana_0037.jpg,accepted,,1024,768,128.82,261.04
Ljubljana,ljubljana_0038.jpg,accepted,,1024,768,129.93,1059.88
Ljubljana,ljubljana_0039.jpg,accepted,,1024,576,131.79,1121.53
Ljubljana,ljubljana_0040.jpg,accepted,,1024,759,77.63,355.95
Ljubljana,ljubljana_0041.jpg,accepted,,1024,768,134.05,939.80
Ljubljana,ljubljana_0042.jpg,accepted,,1024,576,98.85,442.31
Ljubljana,ljubljana_0043.jpg,accepted,,1024,768,124.94,691.89
Ljubljana,ljubljana_0044.jpg,accepted,,1024,759,104.41,600.49
Ljubljana,ljubljana_0045.jpg,accepted,,1024,768,93.09,327.84
Ljubljana,ljubljana_0046.jpg,accepted,,1024,768,96.37,313.29
Ljubljana,ljubljana_0047.jpg,accepted,,1023,575,97.13,948.01
Ljubljana,ljubljana_0048.jpg,accepted,,1024,576,119.58,1561.90
Ljubljana,ljubljana_0049.jpg,accepted,,1024,768,153.43,272.11
Ljubljana,ljubljana_0050.jpg,accepted,,1024,768,108.15,245.22
Ljubljana,ljubljana_0051.jpg,accepted,,1024,540,97.97,760.35
Ljubljana,ljubljana_0052.jpg,accepted,,320,240,100.07,1217.75
Ljubljana,ljubljana_0053.jpg,accepted,,1024,759,103.27,642.41
Ljubljana,ljubljana_0054.jpg,accepted,,1024,768,126.29,2186.08
Ljubljana,ljubljana_0055.jpg,accepted,,1024,768,122.56,315.76
Ljubljana,ljubljana_0056.jpg,accepted,,1024,576,106.84,2140.50
Ljubljana,ljubljana_0057.jpg,accepted,,1024,768,104.31,315.54
Ljubljana,ljubljana_0058.jpg,accepted,,1024,768,146.07,400.07
Ljubljana,ljubljana_0059.jpg,accepted,,1024,576,95.54,516.09
Ljubljana,ljubljana_0060.jpg,accepted,,1024,768,130.35,1405.82
Ljubljana,ljubljana_0061.jpg,accepted,,1024,768,114.87,891.84
Ljubljana,ljubljana_0062.jpg,accepted,,1024,768,94.09,573.33
Ljubljana,ljubljana_0063.jpg,accepted,,1024,768,97.77,1041.53
Ljubljana,ljubljana_0064.jpg,accepted,,1024,768,120.34,890.01
Ljubljana,ljubljana_0065.jpg,accepted,,1024,576,92.36,242.43
Ljubljana,ljubljana_0066.jpg,accepted,,1024,768,106.28,810.02
Ljubljana,ljubljana_0067.jpg,accepted,,1024,576,94.20,827.21
Ljubljana,ljubljana_0068.jpg,accepted,,1024,768,109.57,1030.63
Ljubljana,ljubljana_0069.jpg,accepted,,1024,759,105.25,330.95
Ljubljana,ljubljana_0070.jpg,accepted,,1024,768,116.89,820.11
Ljubljana,ljubljana_0071.jpg,accepted,,1024,768,120.22,245.53
Ljubljana,ljubljana_0072.jpg,accepted,,1024,768,113.60,1173.79
Ljubljana,ljubljana_0073.jpg,accepted,,1024,768,116.16,1141.19
Ljubljana,ljubljana_0074.jpg,accepted,,1024,540,108.15,979.28
Ljubljana,ljubljana_0075.jpg,accepted,,1024,768,131.65,1872.30
Ljubljana,ljubljana_0076.jpg,accepted,,1024,768,119.85,1867.93
Ljubljana,ljubljana_0077.jpg,accepted,,1024,576,95.26,674.27
Ljubljana,ljubljana_0078.jpg,accepted,,1024,768,133.03,1741.92
Ljubljana,ljubljana_0079.jpg,accepted,,1024,768,79.10,899.67
Ljubljana,ljubljana_0080.jpg,accepted,,1024,576,86.67,687.08
Ljubljana,ljubljana_0081.jpg,accepted,,1024,768,125.29,666.32
Ljubljana,ljubljana_0082.jpg,accepted,,1024,768,71.05,537.95
Ljubljana,ljubljana_0083.jpg,accepted,,1024,576,99.30,1085.40
Ljubljana,ljubljana_0084.jpg,accepted,,1024,768,110.84,741.44
Ljubljana,ljubljana_0085.jpg,accepted,,1024,768,119.43,1194.26
Ljubljana,ljubljana_0086.jpg,accepted,,1024,1365,81.62,490.18
Ljubljana,ljubljana_0087.jpg,accepted,,1024,768,106.75,982.18
Ljubljana,ljubljana_0088.jpg,accepted,,1024,768,109.94,940.65
Ljubljana,ljubljana_0089.jpg,accepted,,1024,768,107.35,108.24
Ljubljana,ljubljana_0090.jpg,accepted,,1024,768,131.24,714.13
Ljubljana,ljubljana_0091.jpg,accepted,,1024,576,110.30,2192.11
Ljubljana,ljubljana_0092.jpg,accepted,,1024,768,86.41,142.23
Ljubljana,ljubljana_0093.jpg,accepted,,1024,576,126.14,1043.69
Ljubljana,ljubljana_0094.jpg,accepted,,1024,768,134.33,1059.77
Ljubljana,ljubljana_0095.jpg,accepted,,1024,768,46.74,44.75
Ljubljana,ljubljana_0096.jpg,accepted,,1024,768,96.96,79.57
Ljubljana,ljubljana_0097.jpg,accepted,,1024,540,103.77,1764.52
Ljubljana,ljubljana_0098.jpg,accepted,,1024,576,104.82,2289.30
Ljubljana,ljubljana_0099.jpg,accepted,,1024,576,109.41,958.43
Ljubljana,ljubljana_0100.jpg,accepted,,1024,768,122.81,304.79
Ljubljana,ljubljana_0101.jpg,accepted,,1024,576,112.66,1912.05
Ljubljana,ljubljana_0102.jpg,accepted,,1024,768,115.90,837.35
Ljubljana,ljubljana_0103.jpg,accepted,,1024,768,111.71,292.35
Ljubljana,ljubljana_0104.jpg,accepted,,1024,768,113.49,1284.17
Ljubljana,ljubljana_0105.jpg,accepted,,1024,768,133.52,455.12
Ljubljana,ljubljana_0106.jpg,accepted,,1024,768,123.05,161.42
Ljubljana,ljubljana_0107.jpg,accepted,,1024,576,92.94,431.08
Ljubljana,ljubljana_0108.jpg,accepted,,1024,768,129.87,1736.65
Ljubljana,ljubljana_0109.jpg,accepted,,1024,576,87.29,3629.87
Ljubljana,ljubljana_0110.jpg,accepted,,1024,768,112.98,1789.21
Ljubljana,ljubljana_0111.jpg,accepted,,1024,576,133.64,1777.98
Ljubljana,ljubljana_0112.jpg,accepted,,1024,768,87.01,891.30
Ljubljana,ljubljana_0113.jpg,accepted,,1024,768,134.35,1237.27
Ljubljana,ljubljana_0114.jpg,accepted,,1024,768,50.90,245.66
Ljubljana,ljubljana_0115.jpg,accepted,,1024,771,102.65,188.26
Ljubljana,ljubljana_0116.jpg,accepted,,1024,759,110.25,896.65
Ljubljana,ljubljana_0117.jpg,accepted,,1024,768,132.99,1057.94
Ljubljana,ljubljana_0118.jpg,accepted,,1024,576,113.07,5119.74
Ljubljana,ljubljana_0119.jpg,accepted,,1024,540,105.04,836.76
Ljubljana,ljubljana_0120.jpg,accepted,,1024,576,120.11,3355.31
Ljubljana,ljubljana_0121.jpg,accepted,,1024,540,111.25,1819.68
Ljubljana,ljubljana_0122.jpg,accepted,,1024,768,77.60,304.65
Ljubljana,ljubljana_0123.jpg,accepted,,1024,768,83.39,532.21
Ljubljana,ljubljana_0124.jpg,accepted,,1024,768,117.22,1378.39
Ljubljana,ljubljana_0125.jpg,accepted,,1024,768,161.42,349.15
Ljubljana,ljubljana_0126.jpg,accepted,,1024,576,102.39,533.27
Ljubljana,ljubljana_0127.jpg,accepted,,1024,768,67.28,196.27
Ljubljana,ljubljana_0128.jpg,accepted,,1024,768,92.23,731.27
Ljubljana,ljubljana_0129.jpg,accepted,,1024,768,84.43,1038.31
Ljubljana,ljubljana_0130.jpg,accepted,,1024,768,103.11,745.15
Ljubljana,ljubljana_0131.jpg,accepted,,1024,768,92.29,317.14
Ljubljana,ljubljana_0132.jpg,accepted,,1024,768,128.25,411.01
Ljubljana,ljubljana_0133.jpg,accepted,,1024,576,111.50,552.08
Ljubljana,ljubljana_0134.jpg,accepted,,1024,768,109.63,3404.98
Ljubljana,ljubljana_0135.jpg,accepted,,1024,771,107.07,721.06
Ljubljana,ljubljana_0136.jpg,accepted,,1024,576,124.75,2699.01
Ljubljana,ljubljana_0137.jpg,accepted,,1024,768,126.20,1375.53
Ljubljana,ljubljana_0138.jpg,accepted,,1024,768,137.94,908.69
Ljubljana,ljubljana_0139.jpg,accepted,,1024,768,147.34,1191.53
Ljubljana,ljubljana_0140.jpg,accepted,,1024,768,117.37,60.51
Ljubljana,ljubljana_0141.jpg,accepted,,1024,576,91.73,420.37
Ljubljana,ljubljana_0142.jpg,accepted,,1024,576,92.30,441.92
Ljubljana,ljubljana_0143.jpg,accepted,,1024,540,107.64,1797.81
Ljubljana,ljubljana_0144.jpg,accepted,,1024,768,105.38,751.36
Ljubljana,ljubljana_0145.jpg,accepted,,1024,576,112.59,4261.21
Ljubljana,ljubljana_0146.jpg,accepted,,1024,540,85.86,699.62
Ljubljana,ljubljana_0147.jpg,accepted,,1024,768,119.35,430.73
Ljubljana,ljubljana_0148.jpg,accepted,,1024,759,118.43,1014.32
Ljubljana,ljubljana_0149.jpg,accepted,,1024,768,128.91,1554.60
Ljubljana,ljubljana_0150.jpg,accepted,,1024,576,96.63,543.26
Ljubljana,ljubljana_0151.jpg,accepted,,1024,576,104.18,4925.84
Ljubljana,ljubljana_0152.jpg,accepted,,1024,768,95.76,194.20
Ljubljana,ljubljana_0153.jpg,accepted,,1024,768,99.65,651.53
Ljubljana,ljubljana_0154.jpg,review,possible_near_duplicate_of:ljubljana_0153.jpg,1024,768,98.95,663.77
Ljubljana,ljubljana_0155.jpg,accepted,,1024,540,111.86,1801.52
Ljubljana,ljubljana_0156.jpg,accepted,,1024,576,148.29,847.11
Ljubljana,ljubljana_0157.jpg,accepted,,1024,759,92.12,2658.21
Ljubljana,ljubljana_0158.jpg,accepted,,1024,759,73.99,2875.33
Ljubljana,ljubljana_0159.jpg,accepted,,1024,768,122.45,1530.64
Ljubljana,ljubljana_0160.jpg,accepted,,1024,759,72.16,398.59
Ljubljana,ljubljana_0161.jpg,accepted,,1024,768,125.82,1119.97
Ljubljana,ljubljana_0162.jpg,accepted,,1024,768,126.07,501.68
Ljubljana,ljubljana_0163.jpg,accepted,,1024,576,115.33,2013.33
Ljubljana,ljubljana_0164.jpg,accepted,,1024,768,130.53,939.61
Ljubljana,ljubljana_0165.jpg,accepted,,1024,540,100.56,1386.40
Ljubljana,ljubljana_0166.jpg,accepted,,1024,771,109.14,1022.51
Ljubljana,ljubljana_0167.jpg,accepted,,1024,576,130.67,1604.17
Ljubljana,ljubljana_0168.jpg,accepted,,1024,576,77.44,554.95
Ljubljana,ljubljana_0169.jpg,accepted,,1024,768,94.75,362.62
Ljubljana,ljubljana_0170.jpg,accepted,,1024,576,83.53,277.62
Ljubljana,ljubljana_0171.jpg,accepted,,1024,576,119.20,2236.16
Ljubljana,ljubljana_0172.jpg,accepted,,1024,576,107.66,3552.02
Ljubljana,ljubljana_0173.jpg,accepted,,1024,768,152.52,568.33
Ljubljana,ljubljana_0174.jpg,accepted,,1024,768,128.72,455.38
Ljubljana,ljubljana_0175.jpg,accepted,,1024,576,106.89,1512.82
Ljubljana,ljubljana_0176.jpg,accepted,,1024,768,132.77,708.44
Ljubljana,ljubljana_0177.jpg,accepted,,1024,540,99.43,1793.76
Ljubljana,ljubljana_0178.jpg,accepted,,1024,576,135.41,223.18
Ljubljana,ljubljana_0179.jpg,accepted,,1024,768,117.35,1301.40
Ljubljana,ljubljana_0180.jpg,accepted,,1024,768,157.47,231.48
Ljubljana,ljubljana_0181.jpg,accepted,,1024,540,100.53,364.39
Ljubljana,ljubljana_0182.jpg,accepted,,1024,576,102.59,4045.36
Ljubljana,ljubljana_0183.jpg,accepted,,1024,768,102.80,1219.98
Ljubljana,ljubljana_0184.jpg,accepted,,1024,768,107.63,1007.68
Ljubljana,ljubljana_0185.jpg,accepted,,1024,768,132.72,665.50
Ljubljana,ljubljana_0186.jpg,accepted,,1024,768,110.29,1635.46
Ljubljana,ljubljana_0187.jpg,accepted,,1024,576,83.55,1757.53
Ljubljana,ljubljana_0188.jpg,accepted,,1024,768,77.73,275.90
Ljubljana,ljubljana_0189.jpg,accepted,,1024,759,122.20,2000.59
Ljubljana,ljubljana_0190.jpg,accepted,,1024,768,102.60,151.53
Ljubljana,ljubljana_0191.jpg,accepted,,1024,576,98.07,296.14
Ljubljana,ljubljana_0192.jpg,accepted,,1024,768,114.96,388.72
Ljubljana,ljubljana_0193.jpg,accepted,,1024,768,112.96,691.65
Ljubljana,ljubljana_0194.jpg,accepted,,1024,768,79.41,898.24
Ljubljana,ljubljana_0195.jpg,accepted,,1024,768,96.13,444.96
Ljubljana,ljubljana_0196.jpg,accepted,,1024,576,110.41,5710.15
Ljubljana,ljubljana_0197.jpg,accepted,,1024,768,124.64,1431.08
Ljubljana,ljubljana_0198.jpg,accepted,,1024,768,110.19,455.20
Ljubljana,ljubljana_0199.jpg,accepted,,1024,576,116.27,1348.79
Ljubljana,ljubljana_0200.jpg,accepted,,1024,771,128.06,1925.19
Ljubljana,ljubljana_0201.jpg,accepted,,1024,768,131.73,651.78
Ljubljana,ljubljana_0202.jpg,accepted,,1024,768,88.97,471.17
Ljubljana,ljubljana_0203.jpg,accepted,,1024,768,127.82,978.68
Ljubljana,ljubljana_0204.jpg,accepted,,1024,576,102.78,1374.53
Ljubljana,ljubljana_0205.jpg,accepted,,1024,768,108.90,1659.79
Ljubljana,ljubljana_0206.jpg,accepted,,1024,768,116.02,201.93
Ljubljana,ljubljana_0207.jpg,accepted,,1024,540,119.71,588.75
Ljubljana,ljubljana_0208.jpg,accepted,,1024,576,106.44,2499.53
Ljubljana,ljubljana_0209.jpg,accepted,,1024,768,126.14,1272.65
Ljubljana,ljubljana_0210.jpg,accepted,,1024,576,96.28,1906.12
Ljubljana,ljubljana_0211.jpg,accepted,,1024,768,119.58,410.92
Ljubljana,ljubljana_0212.jpg,accepted,,1024,768,86.37,2345.25
Ljubljana,ljubljana_0213.jpg,accepted,,1024,576,100.07,4102.84
Ljubljana,ljubljana_0214.jpg,accepted,,1024,1365,126.85,3669.05
Ljubljana,ljubljana_0215.jpg,accepted,,1024,578,93.06,292.15
Ljubljana,ljubljana_0216.jpg,accepted,,1024,576,138.28,1111.29
Ljubljana,ljubljana_0217.jpg,accepted,,1024,768,100.82,193.43
Ljubljana,ljubljana_0218.jpg,accepted,,1024,576,87.41,1012.87
Ljubljana,ljubljana_0219.jpg,accepted,,1024,768,117.44,1741.64
Ljubljana,ljubljana_0220.jpg,accepted,,1024,576,112.57,4310.78
Ljubljana,ljubljana_0221.jpg,accepted,,1024,759,81.17,2201.62
Ljubljana,ljubljana_0222.jpg,accepted,,1024,768,109.42,3520.79
Ljubljana,ljubljana_0223.jpg,accepted,,1024,768,123.29,1978.66
Ljubljana,ljubljana_0224.jpg,accepted,,1024,768,86.92,882.83
Ljubljana,ljubljana_0225.jpg,accepted,,1024,768,125.48,933.90
Ljubljana,ljubljana_0226.jpg,accepted,,1024,768,120.35,636.75
Ljubljana,ljubljana_0227.jpg,accepted,,1024,576,120.22,2833.38
Ljubljana,ljubljana_0228.jpg,accepted,,1024,576,115.71,3243.47
Ljubljana,ljubljana_0229.jpg,accepted,,1024,768,145.31,476.06
Ljubljana,ljubljana_0230.jpg,accepted,,1024,759,79.52,134.78
Ljubljana,ljubljana_0231.jpg,accepted,,1024,576,126.82,1331.47
Ljubljana,ljubljana_0232.jpg,accepted,,1024,768,112.97,192.57
Ljubljana,ljubljana_0233.jpg,accepted,,1024,771,125.89,2141.84
Ljubljana,ljubljana_0234.jpg,accepted,,1024,768,135.41,639.63
Ljubljana,ljubljana_0235.jpg,accepted,,1024,768,81.99,1213.41
Ljubljana,ljubljana_0236.jpg,accepted,,1024,768,128.72,245.26
Ljubljana,ljubljana_0237.jpg,accepted,,1024,576,134.96,1527.17
Ljubljana,ljubljana_0238.jpg,review,possible_blur,1024,768,46.07,31.85
Ljubljana,ljubljana_0239.jpg,accepted,,1024,540,93.63,1030.82
Ljubljana,ljubljana_0240.jpg,accepted,,1024,576,120.94,1697.15
Ljubljana,ljubljana_0241.jpg,accepted,,1024,576,118.25,2540.28
Ljubljana,ljubljana_0242.jpg,accepted,,1024,768,127.46,1685.46
Ljubljana,ljubljana_0243.jpg,accepted,,1024,768,120.90,424.16
Ljubljana,ljubljana_0244.jpg,accepted,,1024,576,99.95,976.62
Ljubljana,ljubljana_0245.jpg,accepted,,1024,759,103.55,916.45
Ljubljana,ljubljana_0246.jpg,accepted,,1024,768,108.28,471.89
Ljubljana,ljubljana_0247.jpg,accepted,,1024,768,134.04,262.52
Ljubljana,ljubljana_0248.jpg,accepted,,1024,768,111.56,2479.93
Ljubljana,ljubljana_0249.jpg,accepted,,1024,576,116.49,1407.22
Ljubljana,ljubljana_0250.jpg,accepted,,1024,576,72.64,86.58
Ljubljana,ljubljana_0251.jpg,accepted,,1024,768,104.27,922.00
Ljubljana,ljubljana_0252.jpg,accepted,,1024,576,89.04,275.94
Ljubljana,ljubljana_0253.jpg,accepted,,1024,768,96.90,372.49
Ljubljana,ljubljana_0254.jpg,accepted,,1024,759,75.55,483.21
Ljubljana,ljubljana_0255.jpg,accepted,,1024,768,131.94,762.61
Ljubljana,ljubljana_0256.jpg,accepted,,1024,768,145.40,824.34
Ljubljana,ljubljana_0257.jpg,accepted,,1024,768,109.20,2947.79
Ljubljana,ljubljana_0258.jpg,accepted,,1024,576,78.75,179.50
Ljubljana,ljubljana_0259.jpg,accepted,,1024,768,77.31,947.53
Ljubljana,ljubljana_0260.jpg,accepted,,1024,768,91.65,1606.40
Ljubljana,ljubljana_0261.jpg,accepted,,1024,576,120.44,1521.27
Ljubljana,ljubljana_0262.jpg,accepted,,1024,578,97.58,319.33
Ljubljana,ljubljana_0263.jpg,accepted,,1024,1365,110.93,1918.26
Ljubljana,ljubljana_0264.jpg,accepted,,1024,759,89.09,726.03
Ljubljana,ljubljana_0265.jpg,accepted,,1024,576,109.56,1993.04
Ljubljana,ljubljana_0266.jpg,accepted,,1024,771,128.59,2175.88
Ljubljana,ljubljana_0267.jpg,accepted,,1024,768,80.63,1112.77
Ljubljana,ljubljana_0268.jpg,accepted,,1024,759,98.43,799.31
Ljubljana,ljubljana_0269.jpg,accepted,,1024,768,122.49,602.31
Ljubljana,ljubljana_0270.jpg,accepted,,1024,768,106.02,258.32
Ljubljana,ljubljana_0271.jpg,accepted,,1024,768,125.83,526.08
Ljubljana,ljubljana_0272.jpg,accepted,,1024,576,105.73,1816.17
Ljubljana,ljubljana_0273.jpg,accepted,,1024,576,152.15,604.88
Ljubljana,ljubljana_0274.jpg,accepted,,1024,576,118.72,2346.49
Ljubljana,ljubljana_0275.jpg,accepted,,1024,768,122.82,636.34
Madrid,madrid_0001.jpg,accepted,,1024,768,147.13,889.56
Madrid,madrid_0002.jpg,accepted,,1024,768,132.38,1945.68
Madrid,madrid_0003.jpg,accepted,,1024,768,78.57,1076.79
Madrid,madrid_0004.jpg,accepted,,1024,768,102.55,826.39
Madrid,madrid_0005.jpg,accepted,,1024,768,85.44,936.42
Madrid,madrid_0006.jpg,accepted,,1024,768,135.54,156.71
Madrid,madrid_0007.jpg,accepted,,1024,576,70.90,428.00
Madrid,madrid_0008.jpg,accepted,,1024,576,80.99,1279.90
Madrid,madrid_0009.jpg,accepted,,1024,768,75.53,1047.85
Madrid,madrid_0010.jpg,accepted,,800,600,80.31,346.53
Madrid,madrid_0011.jpg,accepted,,1024,768,137.93,110.18
Madrid,madrid_0012.jpg,accepted,,1024,768,130.19,1224.95
Madrid,madrid_0013.jpg,accepted,,1024,768,95.09,1790.76
Madrid,madrid_0014.jpg,accepted,,1024,768,137.27,113.99
Madrid,madrid_0015.jpg,accepted,,1024,768,104.84,820.48
Madrid,madrid_0016.jpg,accepted,,1024,576,46.92,438.11
Madrid,madrid_0017.jpg,accepted,,1024,768,109.66,712.00
Madrid,madrid_0018.jpg,accepted,,1024,576,84.18,1102.01
Madrid,madrid_0019.jpg,accepted,,1024,768,115.71,200.10
Madrid,madrid_0020.jpg,accepted,,1024,768,119.36,1452.63
Madrid,madrid_0021.jpg,accepted,,1024,768,141.32,1270.52
Madrid,madrid_0022.jpg,accepted,,1024,768,122.20,891.41
Madrid,madrid_0023.jpg,accepted,,1024,768,86.33,325.15
Madrid,madrid_0024.jpg,accepted,,1024,576,32.50,335.31
Madrid,madrid_0025.jpg,accepted,,1024,576,94.21,662.32
Madrid,madrid_0026.jpg,accepted,,1024,768,90.70,741.65
Madrid,madrid_0027.jpg,accepted,,1024,768,128.35,1610.65
Madrid,madrid_0028.jpg,accepted,,1024,768,106.99,1446.03
Madrid,madrid_0029.jpg,accepted,,1024,1820,92.09,2208.05
Madrid,madrid_0030.jpg,accepted,,1024,768,144.55,1433.37
Madrid,madrid_0031.jpg,accepted,,1024,768,110.59,1655.58
Madrid,madrid_0032.jpg,accepted,,1024,768,118.74,922.02
Madrid,madrid_0033.jpg,accepted,,1024,576,47.47,627.01
Madrid,madrid_0034.jpg,accepted,,1024,768,98.40,1212.43
Madrid,madrid_0035.jpg,accepted,,1024,576,85.29,1069.52
Madrid,madrid_0036.jpg,accepted,,1024,768,89.47,1143.80
Madrid,madrid_0037.jpg,accepted,,1024,768,113.06,1947.97
Madrid,madrid_0038.jpg,accepted,,1024,768,103.51,1630.27
Madrid,madrid_0039.jpg,accepted,,1024,768,139.04,1179.92
Madrid,madrid_0040.jpg,accepted,,1024,768,116.82,773.31
Madrid,madrid_0041.jpg,accepted,,1024,768,123.09,1565.02
Madrid,madrid_0042.jpg,accepted,,1024,768,118.40,980.53
Madrid,madrid_0043.jpg,accepted,,1024,768,135.97,266.62
Madrid,madrid_0044.jpg,accepted,,1024,768,114.33,1486.54
Madrid,madrid_0045.jpg,accepted,,1024,768,125.88,403.91
Madrid,madrid_0046.jpg,accepted,,1024,768,98.74,1818.45
Madrid,madrid_0047.jpg,accepted,,1024,768,127.82,352.18
Madrid,madrid_0048.jpg,accepted,,1024,768,91.99,1559.31
Madrid,madrid_0049.jpg,accepted,,1024,768,90.64,834.21
Madrid,madrid_0050.jpg,accepted,,1024,576,55.70,776.75
Madrid,madrid_0051.jpg,accepted,,1024,768,118.88,1396.05
Madrid,madrid_0052.jpg,accepted,,1024,768,89.80,997.32
Madrid,madrid_0053.jpg,accepted,,800,600,82.03,500.63
Madrid,madrid_0054.jpg,accepted,,1024,1024,105.28,672.05
Madrid,madrid_0055.jpg,accepted,,1024,768,106.43,1279.04
Madrid,madrid_0056.jpg,accepted,,1024,1024,96.38,1041.07
Madrid,madrid_0057.jpg,accepted,,1024,768,128.41,1225.64
Madrid,madrid_0058.jpg,accepted,,1024,768,91.75,1256.41
Madrid,madrid_0059.jpg,accepted,,1024,768,113.78,719.70
Madrid,madrid_0060.jpg,accepted,,1024,768,114.64,1036.95
Madrid,madrid_0061.jpg,accepted,,1024,768,111.06,1376.18
Madrid,madrid_0062.jpg,accepted,,1024,768,128.55,1050.47
Madrid,madrid_0063.jpg,accepted,,568,768,77.33,491.85
Madrid,madrid_0064.jpg,accepted,,1024,771,118.89,751.16
Madrid,madrid_0065.jpg,accepted,,800,600,130.88,696.54
Madrid,madrid_0066.jpg,accepted,,1023,768,113.37,1511.18
Madrid,madrid_0067.jpg,accepted,,1024,768,119.18,345.65
Madrid,madrid_0068.jpg,accepted,,1024,768,97.72,1259.79
Madrid,madrid_0069.jpg,accepted,,1024,768,119.76,219.56
Madrid,madrid_0070.jpg,accepted,,1024,1024,124.00,810.58
Madrid,madrid_0071.jpg,accepted,,1024,768,99.82,932.52
Madrid,madrid_0072.jpg,accepted,,1024,768,82.78,4009.97
Madrid,madrid_0073.jpg,accepted,,1024,1024,81.55,829.98
Madrid,madrid_0074.jpg,accepted,,1024,768,95.28,1209.09
Madrid,madrid_0075.jpg,accepted,,1024,1024,89.17,660.63
Madrid,madrid_0076.jpg,accepted,,1024,768,112.83,675.88
Madrid,madrid_0077.jpg,accepted,,1024,768,110.31,1142.25
Madrid,madrid_0078.jpg,accepted,,1024,768,68.72,1285.69
Madrid,madrid_0079.jpg,accepted,,1024,768,90.24,348.00
Madrid,madrid_0080.jpg,accepted,,1024,768,73.33,2043.79
Madrid,madrid_0081.jpg,accepted,,1024,768,114.94,2669.81
Madrid,madrid_0082.jpg,accepted,,1024,768,134.01,1275.97
Madrid,madrid_0083.jpg,accepted,,1024,771,111.98,938.82
Madrid,madrid_0084.jpg,accepted,,1024,768,97.81,2062.02
Madrid,madrid_0085.jpg,accepted,,1024,768,122.16,309.71
Madrid,madrid_0086.jpg,accepted,,1024,768,104.23,451.21
Madrid,madrid_0087.jpg,accepted,,1024,768,56.04,743.54
Madrid,madrid_0088.jpg,accepted,,1024,768,100.60,677.34
Madrid,madrid_0089.jpg,accepted,,1024,768,80.97,904.05
Madrid,madrid_0090.jpg,accepted,,1024,768,50.83,833.74
Madrid,madrid_0091.jpg,accepted,,1024,768,133.76,345.15
Madrid,madrid_0092.jpg,accepted,,1024,768,65.94,540.04
Madrid,madrid_0093.jpg,accepted,,1024,768,111.26,745.61
Madrid,madrid_0094.jpg,accepted,,1024,1024,99.72,876.88
Madrid,madrid_0095.jpg,accepted,,1024,768,90.90,840.04
Madrid,madrid_0096.jpg,accepted,,1024,768,125.08,1781.01
Madrid,madrid_0097.jpg,accepted,,1024,768,91.54,894.33
Madrid,madrid_0098.jpg,accepted,,1024,768,104.56,1455.49
Madrid,madrid_0099.jpg,accepted,,1024,768,73.34,1413.74
Madrid,madrid_0100.jpg,accepted,,1024,768,129.10,1152.67
Madrid,madrid_0101.jpg,accepted,,1024,768,96.08,954.34
Madrid,madrid_0102.jpg,accepted,,1024,771,106.73,921.33
Madrid,madrid_0103.jpg,accepted,,1024,768,100.11,947.25
Madrid,madrid_0104.jpg,accepted,,1024,768,77.53,2865.98
Madrid,madrid_0105.jpg,accepted,,1024,768,150.20,1073.62
Madrid,madrid_0106.jpg,accepted,,1024,768,78.46,683.89
Madrid,madrid_0107.jpg,accepted,,1024,768,130.81,296.56
Madrid,madrid_0108.jpg,accepted,,1024,768,101.32,1492.57
Madrid,madrid_0109.jpg,accepted,,1024,768,87.65,1233.51
Madrid,madrid_0110.jpg,accepted,,1024,768,98.22,1527.88
Madrid,madrid_0111.jpg,accepted,,1024,1024,125.23,1446.21
Madrid,madrid_0112.jpg,accepted,,1024,768,77.33,497.65
Madrid,madrid_0113.jpg,accepted,,1024,768,80.92,1030.47
Madrid,madrid_0114.jpg,accepted,,1024,768,135.14,655.74
Madrid,madrid_0115.jpg,accepted,,1024,576,89.53,1422.31
Madrid,madrid_0116.jpg,accepted,,1024,768,102.09,1035.81
Madrid,madrid_0117.jpg,accepted,,1024,768,136.35,958.60
Madrid,madrid_0118.jpg,accepted,,1024,768,123.82,893.82
Madrid,madrid_0119.jpg,accepted,,1024,576,11.66,36.79
Madrid,madrid_0120.jpg,accepted,,1024,768,111.91,223.28
Madrid,madrid_0121.jpg,accepted,,1024,768,128.48,748.37
Madrid,madrid_0122.jpg,accepted,,1024,768,115.33,2759.28
Madrid,madrid_0123.jpg,accepted,,1024,576,16.33,64.07
Madrid,madrid_0124.jpg,accepted,,1024,768,93.60,1096.74
Madrid,madrid_0125.jpg,accepted,,1024,768,101.16,1734.40
Madrid,madrid_0126.jpg,rejected,extremely_dark,568,768,7.13,7.17
Madrid,madrid_0127.jpg,accepted,,1024,768,88.15,1479.73
Madrid,madrid_0128.jpg,accepted,,1024,768,129.54,1283.91
Madrid,madrid_0129.jpg,accepted,,1024,768,85.96,198.78
Madrid,madrid_0130.jpg,accepted,,568,768,117.17,1133.78
Madrid,madrid_0131.jpg,accepted,,1024,768,106.50,1644.82
Madrid,madrid_0132.jpg,accepted,,1024,768,76.16,952.73
Madrid,madrid_0133.jpg,accepted,,1024,768,102.46,424.00
Madrid,madrid_0134.jpg,accepted,,1024,768,65.54,137.56
Madrid,madrid_0135.jpg,accepted,,1024,768,53.57,98.49
Madrid,madrid_0136.jpg,accepted,,1024,768,100.70,1167.68
Madrid,madrid_0137.jpg,accepted,,1024,768,92.13,1012.86
Madrid,madrid_0138.jpg,accepted,,1024,576,12.47,76.72
Madrid,madrid_0139.jpg,review,possible_blur,1024,576,20.28,33.82
Madrid,madrid_0140.jpg,accepted,,568,768,77.43,56.82
Madrid,madrid_0141.jpg,accepted,,1024,576,16.70,45.63
Madrid,madrid_0142.jpg,accepted,,1024,576,82.08,962.93
Madrid,madrid_0143.jpg,accepted,,1024,768,127.65,850.60
Madrid,madrid_0144.jpg,accepted,,1024,768,87.63,1583.61
Madrid,madrid_0145.jpg,accepted,,1024,576,10.60,56.26
Madrid,madrid_0146.jpg,accepted,,1024,768,140.09,1029.68
Madrid,madrid_0147.jpg,accepted,,1024,771,102.56,940.73
Madrid,madrid_0148.jpg,accepted,,1024,576,11.70,37.12
Madrid,madrid_0149.jpg,accepted,,1024,768,83.58,1771.03
Madrid,madrid_0150.jpg,accepted,,1024,768,102.25,556.81
Madrid,madrid_0151.jpg,accepted,,1024,576,114.31,1444.59
Madrid,madrid_0152.jpg,accepted,,1024,768,106.22,1343.28
Madrid,madrid_0153.jpg,accepted,,1024,768,117.69,873.50
Madrid,madrid_0154.jpg,accepted,,1024,768,108.33,3360.51
Madrid,madrid_0155.jpg,accepted,,1024,768,91.89,630.25
Madrid,madrid_0156.jpg,accepted,,1024,768,94.17,1295.26
Madrid,madrid_0157.jpg,accepted,,800,600,95.90,757.87
Madrid,madrid_0158.jpg,accepted,,1024,768,109.10,1146.59
Madrid,madrid_0159.jpg,accepted,,1024,576,25.65,86.72
Madrid,madrid_0160.jpg,accepted,,1024,768,110.55,1337.16
Madrid,madrid_0161.jpg,accepted,,1024,576,13.72,35.55
Madrid,madrid_0162.jpg,accepted,,1024,768,93.61,2005.26
Madrid,madrid_0163.jpg,accepted,,1024,576,14.87,47.45
Madrid,madrid_0164.jpg,accepted,,1024,768,141.72,480.45
Madrid,madrid_0165.jpg,accepted,,1024,768,70.80,781.49
Madrid,madrid_0166.jpg,accepted,,800,600,111.33,197.61
Madrid,madrid_0167.jpg,accepted,,1024,768,84.72,252.47
Madrid,madrid_0168.jpg,accepted,,1024,576,16.45,44.07
Madrid,madrid_0169.jpg,accepted,,1024,768,140.62,1913.60
Madrid,madrid_0170.jpg,accepted,,1024,768,93.62,2088.71
Madrid,madrid_0171.jpg,accepted,,568,768,75.90,1009.93
Madrid,madrid_0172.jpg,accepted,,1024,576,115.83,812.62
Madrid,madrid_0173.jpg,accepted,,1024,768,105.61,1166.35
Madrid,madrid_0174.jpg,accepted,,1024,768,107.69,918.16
Madrid,madrid_0175.jpg,accepted,,1024,576,25.32,50.94
Madrid,madrid_0176.jpg,accepted,,1024,768,105.53,117.63
Madrid,madrid_0177.jpg,accepted,,1024,768,109.28,3060.55
Madrid,madrid_0178.jpg,accepted,,1024,768,99.00,2084.17
Madrid,madrid_0179.jpg,accepted,,1024,768,100.82,1570.95
Madrid,madrid_0180.jpg,accepted,,1024,768,100.26,2339.24
Madrid,madrid_0181.jpg,accepted,,1024,768,113.62,835.53
Madrid,madrid_0182.jpg,accepted,,1024,768,135.44,613.48
Madrid,madrid_0183.jpg,accepted,,1024,768,97.75,546.31
Madrid,madrid_0184.jpg,accepted,,1024,768,104.84,1462.62
Madrid,madrid_0185.jpg,accepted,,1024,576,111.82,1356.05
Madrid,madrid_0186.jpg,accepted,,1024,768,99.98,798.71
Madrid,madrid_0187.jpg,accepted,,1024,576,136.21,942.31
Madrid,madrid_0188.jpg,accepted,,1024,768,91.26,2597.35
Madrid,madrid_0189.jpg,accepted,,1024,768,101.88,1282.97
Madrid,madrid_0190.jpg,accepted,,1024,768,103.04,1085.01
Madrid,madrid_0191.jpg,accepted,,1024,576,103.86,1001.51
Madrid,madrid_0192.jpg,accepted,,1024,768,52.56,627.60
Madrid,madrid_0193.jpg,accepted,,1024,768,97.73,849.60
Madrid,madrid_0194.jpg,accepted,,1024,768,120.22,1838.19
Madrid,madrid_0195.jpg,accepted,,1023,768,122.45,1315.44
Madrid,madrid_0196.jpg,accepted,,1024,576,20.59,71.88
Madrid,madrid_0197.jpg,accepted,,1024,768,121.20,602.13
Madrid,madrid_0198.jpg,accepted,,1024,768,125.37,1997.89
Madrid,madrid_0199.jpg,accepted,,1024,768,100.20,1515.22
Madrid,madrid_0200.jpg,accepted,,800,600,151.72,195.54
Madrid,madrid_0201.jpg,accepted,,1024,768,94.24,715.98
Madrid,madrid_0202.jpg,accepted,,1024,768,139.34,1079.14
Madrid,madrid_0203.jpg,accepted,,1024,576,93.41,1871.83
Madrid,madrid_0204.jpg,accepted,,1024,768,97.44,575.66
Madrid,madrid_0205.jpg,accepted,,1024,768,131.03,1622.71
Madrid,madrid_0206.jpg,accepted,,568,768,97.53,1068.88
Madrid,madrid_0207.jpg,accepted,,1024,768,108.85,1212.18
Madrid,madrid_0208.jpg,accepted,,1024,576,100.22,3196.31
Madrid,madrid_0209.jpg,accepted,,1024,771,114.06,1019.87
Madrid,madrid_0210.jpg,accepted,,1024,768,90.26,2307.28
Madrid,madrid_0211.jpg,accepted,,1024,768,97.59,1493.73
Madrid,madrid_0212.jpg,accepted,,1024,768,123.96,1044.46
Madrid,madrid_0213.jpg,accepted,,1024,576,107.01,3202.10
Madrid,madrid_0214.jpg,accepted,,1024,768,72.66,220.84
Madrid,madrid_0215.jpg,accepted,,800,600,105.49,508.47
Madrid,madrid_0216.jpg,accepted,,1024,576,34.90,172.31
Madrid,madrid_0217.jpg,accepted,,1024,768,103.42,736.16
Madrid,madrid_0218.jpg,accepted,,1024,768,135.17,1689.78
Madrid,madrid_0219.jpg,accepted,,1024,768,93.29,2806.95
Madrid,madrid_0220.jpg,accepted,,1024,768,91.27,273.45
Madrid,madrid_0221.jpg,accepted,,1024,768,88.93,305.45
Madrid,madrid_0222.jpg,accepted,,1024,576,85.08,2138.65
Madrid,madrid_0223.jpg,accepted,,1024,768,96.03,897.84
Madrid,madrid_0224.jpg,accepted,,1024,768,137.36,1067.90
Madrid,madrid_0225.jpg,accepted,,1024,768,126.34,552.14
Madrid,madrid_0226.jpg,accepted,,1024,768,108.46,1710.74
Madrid,madrid_0227.jpg,accepted,,1024,768,103.75,1701.58
Madrid,madrid_0228.jpg,accepted,,1024,768,97.83,1108.48
Madrid,madrid_0229.jpg,accepted,,1024,768,95.35,386.41
Madrid,madrid_0230.jpg,accepted,,1024,768,96.14,2340.24
Madrid,madrid_0231.jpg,accepted,,1024,768,129.19,2859.63
Madrid,madrid_0232.jpg,accepted,,1024,768,104.51,1248.07
Madrid,madrid_0233.jpg,accepted,,1023,682,168.71,1543.45
Madrid,madrid_0234.jpg,accepted,,1024,768,99.76,1383.96
Madrid,madrid_0235.jpg,accepted,,800,600,120.52,465.57
Madrid,madrid_0236.jpg,accepted,,1024,768,104.05,1124.34
Madrid,madrid_0237.jpg,accepted,,1024,768,105.95,1385.32
Madrid,madrid_0238.jpg,accepted,,568,768,82.90,944.77
Madrid,madrid_0239.jpg,accepted,,800,600,111.25,630.80
Madrid,madrid_0240.jpg,accepted,,1024,768,96.88,2746.79
Madrid,madrid_0241.jpg,accepted,,1024,768,110.21,1277.84
Madrid,madrid_0242.jpg,accepted,,1024,768,95.83,988.36
Madrid,madrid_0243.jpg,accepted,,1024,576,102.52,2355.12
Madrid,madrid_0244.jpg,accepted,,1024,768,127.70,273.24
Madrid,madrid_0245.jpg,accepted,,1024,576,107.05,1107.75
Madrid,madrid_0246.jpg,accepted,,1024,768,142.66,206.55
Madrid,madrid_0247.jpg,accepted,,1024,768,96.72,1289.15
Madrid,madrid_0248.jpg,accepted,,800,600,132.33,110.79
Madrid,madrid_0249.jpg,accepted,,1024,768,96.70,2286.83
Madrid,madrid_0250.jpg,accepted,,1024,768,136.68,2775.53
Madrid,madrid_0251.jpg,accepted,,1024,576,98.58,2036.50
Madrid,madrid_0252.jpg,accepted,,1024,768,119.75,2216.34
Madrid,madrid_0253.jpg,accepted,,1024,768,127.31,3280.83
Madrid,madrid_0254.jpg,accepted,,1024,768,91.12,1697.20
Madrid,madrid_0255.jpg,accepted,,1024,768,103.42,1596.78
Madrid,madrid_0256.jpg,accepted,,1024,768,105.96,1951.48
Madrid,madrid_0257.jpg,accepted,,1024,768,143.63,376.85
Madrid,madrid_0258.jpg,accepted,,1024,768,146.59,223.59
Madrid,madrid_0259.jpg,accepted,,1024,768,101.86,2996.53
Madrid,madrid_0260.jpg,accepted,,568,768,108.02,1198.16
Madrid,madrid_0261.jpg,accepted,,1024,768,111.91,980.73
Madrid,madrid_0262.jpg,accepted,,1024,768,118.08,2091.75
Madrid,madrid_0263.jpg,review,possible_blur,1024,768,176.19,12.92
Madrid,madrid_0264.jpg,accepted,,1024,768,114.72,711.53
Madrid,madrid_0265.jpg,accepted,,1024,768,111.62,508.92
Madrid,madrid_0266.jpg,accepted,,1024,768,87.33,1474.53
Madrid,madrid_0267.jpg,accepted,,1024,768,107.25,857.90
Madrid,madrid_0268.jpg,accepted,,1024,576,107.24,1296.94
Madrid,madrid_0269.jpg,accepted,,1024,768,129.58,1631.29
Madrid,madrid_0270.jpg,accepted,,1024,768,52.30,4181.15
Madrid,madrid_0271.jpg,accepted,,1024,768,117.05,1183.80
Madrid,madrid_0272.jpg,accepted,,1024,576,102.08,1147.73
Madrid,madrid_0273.jpg,accepted,,1024,576,122.49,2009.87
Madrid,madrid_0274.jpg,accepted,,1024,768,90.97,484.54
Madrid,madrid_0275.jpg,accepted,,1024,768,99.05,1278.31
Madrid,madrid_0276.jpg,accepted,,1024,768,118.57,1309.14
Madrid,madrid_0277.jpg,accepted,,1024,768,136.20,2063.82
Madrid,madrid_0278.jpg,accepted,,1024,768,108.94,2712.97
Madrid,madrid_0279.jpg,accepted,,1024,768,138.56,2107.42
Madrid,madrid_0280.jpg,accepted,,1024,768,137.66,924.91
Madrid,madrid_0281.jpg,accepted,,1024,768,135.39,4147.01
Madrid,madrid_0282.jpg,accepted,,1024,768,76.80,1409.71
Madrid,madrid_0283.jpg,accepted,,1024,768,100.95,2075.77
Madrid,madrid_0284.jpg,accepted,,1024,576,112.11,1077.41
Madrid,madrid_0285.jpg,accepted,,1024,768,109.33,796.76
Madrid,madrid_0286.jpg,accepted,,1024,768,101.35,1791.59
Madrid,madrid_0287.jpg,accepted,,1024,768,131.18,2397.83
Madrid,madrid_0288.jpg,accepted,,1024,771,153.03,1435.31
Madrid,madrid_0289.jpg,accepted,,1024,768,148.61,1908.74
Madrid,madrid_0290.jpg,accepted,,800,600,115.49,235.08
Madrid,madrid_0291.jpg,accepted,,568,768,108.27,517.79
Madrid,madrid_0292.jpg,accepted,,1024,768,107.22,778.55
Madrid,madrid_0293.jpg,accepted,,1023,682,113.01,1927.72
Madrid,madrid_0294.jpg,accepted,,1024,768,99.74,1557.12
Madrid,madrid_0295.jpg,accepted,,1024,768,110.44,1508.73
Madrid,madrid_0296.jpg,accepted,,1024,768,130.36,3698.36
Madrid,madrid_0297.jpg,accepted,,1024,576,113.25,622.45
Madrid,madrid_0298.jpg,accepted,,1024,768,103.66,2988.07
Madrid,madrid_0299.jpg,accepted,,1024,768,92.86,1394.74
Madrid,madrid_0300.jpg,accepted,,1024,576,93.97,1116.45
Madrid,madrid_0301.jpg,accepted,,1024,768,122.09,1643.87
Madrid,madrid_0302.jpg,accepted,,1024,768,115.15,3647.33
Madrid,madrid_0303.jpg,accepted,,1024,768,141.05,246.47
Madrid,madrid_0304.jpg,accepted,,1024,768,97.30,325.54
Madrid,madrid_0305.jpg,accepted,,1024,768,109.39,1833.07
Madrid,madrid_0306.jpg,accepted,,1024,768,77.20,202.53
Madrid,madrid_0307.jpg,accepted,,1024,768,101.28,2335.74
Madrid,madrid_0308.jpg,accepted,,1024,768,96.95,1377.30
Madrid,madrid_0309.jpg,accepted,,1024,576,101.89,1580.92
Madrid,madrid_0310.jpg,accepted,,1024,576,107.38,2169.35
Madrid,madrid_0311.jpg,accepted,,1024,768,107.97,1204.74
Madrid,madrid_0312.jpg,accepted,,1024,768,110.74,1549.18
Madrid,madrid_0313.jpg,accepted,,1024,768,123.26,463.56
Madrid,madrid_0314.jpg,accepted,,1024,768,95.47,331.26
Paris,paris_0001.jpg,accepted,,1024,768,131.30,772.34
Paris,paris_0002.jpg,accepted,,1024,768,99.04,955.01
Paris,paris_0003.jpg,accepted,,1024,768,120.52,2246.76
Paris,paris_0004.jpg,accepted,,1024,768,121.28,1330.07
Paris,paris_0005.jpg,accepted,,1024,768,112.79,1844.98
Paris,paris_0006.jpg,accepted,,1024,768,148.20,69.90
Paris,paris_0007.jpg,accepted,,1024,768,83.88,1067.72
Paris,paris_0008.jpg,accepted,,1024,576,108.71,1179.35
Paris,paris_0009.jpg,accepted,,1024,768,121.14,1069.71
Paris,paris_0010.jpg,accepted,,1024,768,126.37,1282.63
Paris,paris_0011.jpg,accepted,,1024,1820,108.61,530.26
Paris,paris_0012.jpg,accepted,,1024,768,52.82,420.15
Paris,paris_0013.jpg,accepted,,1024,768,106.68,4480.69
Paris,paris_0014.jpg,accepted,,1024,768,110.09,1596.51
Paris,paris_0015.jpg,accepted,,1024,576,93.75,2727.90
Paris,paris_0016.jpg,accepted,,1024,576,70.77,2278.61
Paris,paris_0017.jpg,accepted,,1024,768,95.39,1046.87
Paris,paris_0018.jpg,accepted,,1024,768,89.51,1947.05
Paris,paris_0019.jpg,accepted,,1024,576,79.61,145.92
Paris,paris_0020.jpg,accepted,,1024,768,99.59,1772.61
Paris,paris_0021.jpg,accepted,,1024,768,97.10,846.10
Paris,paris_0022.jpg,accepted,,1024,768,115.24,1817.24
Paris,paris_0023.jpg,accepted,,1024,768,125.65,1523.92
Paris,paris_0024.jpg,accepted,,1023,682,111.03,746.67
Paris,paris_0025.jpg,accepted,,1024,768,142.43,334.07
Paris,paris_0026.jpg,accepted,,1024,768,132.75,1711.20
Paris,paris_0027.jpg,accepted,,1024,768,141.20,92.53
Paris,paris_0028.jpg,accepted,,1024,576,96.13,2608.99
Paris,paris_0029.jpg,accepted,,1024,576,111.36,358.89
Paris,paris_0030.jpg,accepted,,1024,576,129.18,1384.61
Paris,paris_0031.jpg,accepted,,1024,576,91.20,1810.71
Paris,paris_0032.jpg,accepted,,1024,1820,105.14,2516.51
Paris,paris_0033.jpg,accepted,,1024,768,52.54,525.39
Paris,paris_0034.jpg,accepted,,1024,576,92.72,2443.54
Paris,paris_0035.jpg,accepted,,1024,1024,115.30,395.50
Paris,paris_0036.jpg,accepted,,1024,768,127.22,1325.67
Paris,paris_0037.jpg,accepted,,1024,1820,163.31,514.23
Paris,paris_0038.jpg,accepted,,1024,576,119.07,3367.42
Paris,paris_0039.jpg,accepted,,1024,768,153.40,614.92
Paris,paris_0040.jpg,accepted,,1024,576,97.57,299.67
Paris,paris_0041.jpg,accepted,,1024,768,82.06,3256.76
Paris,paris_0042.jpg,accepted,,1023,682,143.87,1090.87
Paris,paris_0043.jpg,accepted,,1024,768,105.17,755.39
Paris,paris_0044.jpg,accepted,,1024,576,86.48,3699.30
Paris,paris_0045.jpg,accepted,,1024,1365,90.87,334.16
Paris,paris_0046.jpg,accepted,,1024,576,96.44,256.44
Paris,paris_0047.jpg,accepted,,1024,576,105.59,1825.77
Paris,paris_0048.jpg,accepted,,1024,768,134.68,90.37
Paris,paris_0049.jpg,accepted,,1024,1365,86.67,844.10
Paris,paris_0050.jpg,accepted,,1023,575,111.24,1523.93
Paris,paris_0051.jpg,accepted,,1024,576,116.21,3780.54
Paris,paris_0052.jpg,accepted,,1024,768,71.52,1636.52
Paris,paris_0053.jpg,accepted,,1024,768,89.52,273.55
Paris,paris_0054.jpg,accepted,,1024,768,130.01,480.23
Paris,paris_0055.jpg,accepted,,1024,768,126.62,730.92
Paris,paris_0056.jpg,accepted,,1024,576,70.90,2905.61
Paris,paris_0057.jpg,accepted,,1024,576,122.88,1620.35
Paris,paris_0058.jpg,accepted,,1024,576,120.14,170.85
Paris,paris_0059.jpg,accepted,,1024,576,104.60,1176.15
Paris,paris_0060.jpg,accepted,,1024,768,103.76,497.86
Paris,paris_0061.jpg,accepted,,1024,768,132.92,934.71
Paris,paris_0062.jpg,accepted,,1024,768,52.26,606.48
Paris,paris_0063.jpg,accepted,,1024,768,137.14,262.50
Paris,paris_0064.jpg,accepted,,1024,576,71.91,2255.55
Paris,paris_0065.jpg,accepted,,1024,768,47.32,2246.15
Paris,paris_0066.jpg,accepted,,1023,682,135.36,1311.96
Paris,paris_0067.jpg,accepted,,1024,1820,114.82,858.15
Paris,paris_0068.jpg,accepted,,1024,576,116.88,309.00
Paris,paris_0069.jpg,accepted,,1024,576,108.77,1662.39
Paris,paris_0070.jpg,accepted,,1024,768,107.03,2489.26
Paris,paris_0071.jpg,accepted,,1024,768,129.35,1495.00
Paris,paris_0072.jpg,accepted,,1024,576,121.58,3406.51
Paris,paris_0073.jpg,accepted,,1024,768,118.25,1660.01
Paris,paris_0074.jpg,accepted,,1024,1365,117.46,2247.09
Paris,paris_0075.jpg,accepted,,1024,768,111.16,829.55
Paris,paris_0076.jpg,accepted,,1024,768,118.84,4464.32
Paris,paris_0077.jpg,accepted,,1024,768,93.66,1494.81
Paris,paris_0078.jpg,accepted,,1024,768,95.72,3013.48
Paris,paris_0079.jpg,accepted,,1024,768,97.26,721.27
Paris,paris_0080.jpg,accepted,,1024,576,111.68,1611.85
Paris,paris_0081.jpg,accepted,,1024,576,108.56,1495.33
Paris,paris_0082.jpg,accepted,,1024,768,130.52,1318.83
Paris,paris_0083.jpg,accepted,,1024,768,51.23,1101.27
Paris,paris_0084.jpg,accepted,,1024,576,62.60,1613.70
Paris,paris_0085.jpg,accepted,,880,1475,124.25,2823.72
Paris,paris_0086.jpg,accepted,,1024,768,143.83,1355.25
Paris,paris_0087.jpg,accepted,,1024,576,85.69,1450.89
Paris,paris_0088.jpg,accepted,,1024,768,47.24,854.34
Paris,paris_0089.jpg,accepted,,1024,768,106.91,824.75
Paris,paris_0090.jpg,accepted,,1024,768,109.68,152.94
Paris,paris_0091.jpg,accepted,,1024,768,101.72,1044.63
Paris,paris_0092.jpg,accepted,,1024,576,64.89,2882.73
Paris,paris_0093.jpg,accepted,,1024,576,67.88,2729.07
Paris,paris_0094.jpg,accepted,,1024,576,105.02,4177.89
Paris,paris_0095.jpg,accepted,,1024,768,102.01,2197.15
Paris,paris_0096.jpg,accepted,,1024,768,101.37,1772.38
Paris,paris_0097.jpg,accepted,,1024,576,140.20,365.84
Paris,paris_0098.jpg,accepted,,1024,768,44.70,682.62
Paris,paris_0099.jpg,accepted,,1023,575,104.35,1023.81
Paris,paris_0100.jpg,accepted,,1024,576,113.19,909.69
Paris,paris_0101.jpg,accepted,,1024,768,92.41,1335.03
Paris,paris_0102.jpg,accepted,,1024,768,136.55,833.17
Paris,paris_0103.jpg,accepted,,1024,768,128.11,567.37
Paris,paris_0104.jpg,accepted,,1024,768,106.90,1882.07
Paris,paris_0105.jpg,accepted,,1023,682,111.74,1470.90
Paris,paris_0106.jpg,accepted,,1024,768,63.42,832.60
Paris,paris_0107.jpg,accepted,,1024,768,51.80,2983.64
Paris,paris_0108.jpg,accepted,,1024,768,98.42,2376.84
Paris,paris_0109.jpg,accepted,,1024,768,108.59,648.85
Paris,paris_0110.jpg,accepted,,1024,576,100.52,1772.12
Paris,paris_0111.jpg,accepted,,1024,768,45.51,577.35
Paris,paris_0112.jpg,accepted,,1024,768,64.79,1388.74
Paris,paris_0113.jpg,accepted,,1024,768,98.59,1406.13
Paris,paris_0114.jpg,accepted,,1024,768,98.15,305.84
Paris,paris_0115.jpg,accepted,,1024,768,117.04,1658.16
Paris,paris_0116.jpg,accepted,,1024,768,91.27,1758.96
Paris,paris_0117.jpg,accepted,,1024,768,118.68,2013.93
Paris,paris_0118.jpg,accepted,,1024,576,95.62,5972.70
Paris,paris_0119.jpg,accepted,,1024,768,108.88,1224.70
Paris,paris_0120.jpg,accepted,,1024,768,110.99,2978.65
Paris,paris_0121.jpg,accepted,,1024,768,108.27,162.97
Paris,paris_0122.jpg,accepted,,1024,576,124.80,2118.36
Paris,paris_0123.jpg,accepted,,1024,768,113.32,456.38
Paris,paris_0124.jpg,accepted,,1024,576,77.32,2723.68
Paris,paris_0125.jpg,accepted,,1024,576,98.57,1004.26
Paris,paris_0126.jpg,accepted,,1024,576,122.40,1935.75
Paris,paris_0127.jpg,accepted,,1024,768,111.05,759.42
Paris,paris_0128.jpg,accepted,,1024,768,128.11,772.24
Paris,paris_0129.jpg,accepted,,1024,768,125.99,331.96
Paris,paris_0130.jpg,accepted,,1024,768,94.23,2479.08
Paris,paris_0131.jpg,accepted,,1024,768,134.11,715.27
Paris,paris_0132.jpg,accepted,,1024,768,144.41,725.87
Paris,paris_0133.jpg,accepted,,1024,768,97.10,1439.43
Paris,paris_0134.jpg,accepted,,1024,576,84.28,691.13
Paris,paris_0135.jpg,accepted,,1024,768,72.57,1205.50
Paris,paris_0136.jpg,accepted,,1024,768,112.29,559.67
Paris,paris_0137.jpg,accepted,,1024,768,94.31,1947.46
Paris,paris_0138.jpg,accepted,,1024,768,87.01,1321.06
Paris,paris_0139.jpg,accepted,,1024,768,102.09,589.51
Paris,paris_0140.jpg,accepted,,1024,576,117.71,2575.51
Paris,paris_0141.jpg,accepted,,1024,1024,80.66,194.39
Paris,paris_0142.jpg,accepted,,1023,575,103.74,940.40
Paris,paris_0143.jpg,accepted,,1024,768,103.08,714.54
Paris,paris_0144.jpg,accepted,,1024,576,64.95,2191.35
Paris,paris_0145.jpg,accepted,,1024,768,87.43,387.64
Paris,paris_0146.jpg,accepted,,1024,576,110.55,1739.21
Paris,paris_0147.jpg,accepted,,1024,576,63.66,5222.78
Paris,paris_0148.jpg,accepted,,1024,576,99.81,115.60
Paris,paris_0149.jpg,accepted,,1024,768,74.96,685.64
Paris,paris_0150.jpg,accepted,,1024,576,117.94,476.07
Paris,paris_0151.jpg,accepted,,1024,576,121.67,1652.02
Paris,paris_0152.jpg,accepted,,1024,768,91.07,522.53
Paris,paris_0153.jpg,accepted,,1024,768,114.42,1969.00
Paris,paris_0154.jpg,accepted,,1024,768,90.29,3025.17
Paris,paris_0155.jpg,accepted,,1024,768,125.59,1166.92
Paris,paris_0156.jpg,accepted,,1024,768,37.50,268.28
Paris,paris_0157.jpg,accepted,,1024,768,89.48,1459.91
Paris,paris_0158.jpg,accepted,,1024,768,122.02,203.14
Paris,paris_0159.jpg,accepted,,1024,576,104.76,1311.83
Paris,paris_0160.jpg,accepted,,1024,768,83.52,400.73
Paris,paris_0161.jpg,accepted,,1024,768,114.05,1547.97
Paris,paris_0162.jpg,accepted,,1024,768,93.66,1131.32
Paris,paris_0163.jpg,accepted,,1024,768,129.27,2045.94
Paris,paris_0164.jpg,accepted,,1024,768,119.79,562.33
Paris,paris_0165.jpg,accepted,,1024,768,132.84,3549.46
Paris,paris_0166.jpg,accepted,,1024,576,105.59,1339.59
Paris,paris_0167.jpg,accepted,,1024,768,33.47,313.71
Paris,paris_0168.jpg,accepted,,1024,576,70.41,2188.02
Paris,paris_0169.jpg,accepted,,1024,768,115.56,1062.86
Paris,paris_0170.jpg,accepted,,1024,768,118.20,941.71
Paris,paris_0171.jpg,accepted,,1024,1820,113.33,742.73
Paris,paris_0172.jpg,accepted,,1024,768,97.56,2087.16
Paris,paris_0173.jpg,accepted,,1024,768,116.82,455.14
Paris,paris_0174.jpg,accepted,,1024,768,108.33,537.99
Paris,paris_0175.jpg,accepted,,1024,768,99.82,869.66
Paris,paris_0176.jpg,accepted,,1024,768,50.23,902.47
Paris,paris_0177.jpg,accepted,,1024,576,129.83,624.77
Paris,paris_0178.jpg,accepted,,1024,768,133.73,1874.43
Paris,paris_0179.jpg,accepted,,1024,768,126.54,1177.93
Paris,paris_0180.jpg,accepted,,1024,576,83.80,1792.86
Paris,paris_0181.jpg,accepted,,1024,576,98.11,3946.82
Paris,paris_0182.jpg,accepted,,1024,768,116.55,1087.70
Paris,paris_0183.jpg,accepted,,1024,768,128.32,2343.23
Paris,paris_0184.jpg,accepted,,1024,768,120.98,1997.99
Paris,paris_0185.jpg,accepted,,1023,764,128.22,570.08
Paris,paris_0186.jpg,accepted,,1024,576,117.89,1805.80
Paris,paris_0187.jpg,accepted,,1024,768,87.03,511.80
Paris,paris_0188.jpg,accepted,,1024,768,86.98,2349.50
Paris,paris_0189.jpg,accepted,,1024,768,64.81,573.64
Paris,paris_0190.jpg,accepted,,1024,768,99.54,2443.90
Paris,paris_0191.jpg,accepted,,1024,1213,124.45,2855.36
Paris,paris_0192.jpg,accepted,,1024,576,65.92,737.48
Paris,paris_0193.jpg,accepted,,1024,768,112.71,2067.34
Paris,paris_0194.jpg,accepted,,1024,768,131.24,1084.61
Paris,paris_0195.jpg,accepted,,1024,768,108.93,632.90
Paris,paris_0196.jpg,accepted,,1024,768,95.73,611.79
Paris,paris_0197.jpg,accepted,,1024,576,106.51,288.28
Paris,paris_0198.jpg,accepted,,1024,768,126.37,3222.87
Paris,paris_0199.jpg,accepted,,1024,576,131.42,1013.16
Paris,paris_0200.jpg,accepted,,1024,576,127.86,4539.27
Paris,paris_0201.jpg,accepted,,1024,768,126.52,1543.71
Paris,paris_0202.jpg,accepted,,1024,768,106.21,703.40
Paris,paris_0203.jpg,accepted,,1024,768,125.64,2823.97
Paris,paris_0204.jpg,accepted,,1024,768,141.57,2919.48
Paris,paris_0205.jpg,accepted,,1024,768,122.02,2896.64
Paris,paris_0206.jpg,accepted,,1024,768,145.91,2184.10
Paris,paris_0207.jpg,accepted,,1024,768,104.80,240.75
Paris,paris_0208.jpg,accepted,,1024,768,98.13,2352.57
Paris,paris_0209.jpg,accepted,,1024,576,137.36,2282.88
Paris,paris_0210.jpg,accepted,,1024,768,99.53,1501.77
Paris,paris_0211.jpg,accepted,,1024,768,105.49,2060.66
Paris,paris_0212.jpg,accepted,,1024,576,110.99,431.66
Paris,paris_0213.jpg,accepted,,1024,768,103.72,2242.91
Paris,paris_0214.jpg,accepted,,1024,768,113.29,1144.30
Paris,paris_0215.jpg,accepted,,1024,768,83.84,3133.84
Paris,paris_0216.jpg,accepted,,1024,768,135.97,119.46
Paris,paris_0217.jpg,accepted,,1024,768,112.26,1751.32
Paris,paris_0218.jpg,accepted,,1024,768,112.92,2425.72
Paris,paris_0219.jpg,accepted,,1024,576,71.15,5640.53
Paris,paris_0220.jpg,accepted,,1024,576,118.55,518.44
Paris,paris_0221.jpg,accepted,,1024,768,127.14,1261.02
Paris,paris_0222.jpg,accepted,,1024,768,133.77,2214.29
Paris,paris_0223.jpg,accepted,,1024,768,102.51,1162.18
Paris,paris_0224.jpg,accepted,,1024,768,98.21,680.45
Paris,paris_0225.jpg,accepted,,1024,576,137.76,66.23
Paris,paris_0226.jpg,accepted,,1024,768,113.40,90.04
Paris,paris_0227.jpg,accepted,,1024,768,92.48,451.31
Paris,paris_0228.jpg,accepted,,1024,768,120.36,2489.69
Paris,paris_0229.jpg,accepted,,1024,576,67.53,3267.76
Paris,paris_0230.jpg,accepted,,1024,768,106.33,346.69
Paris,paris_0231.jpg,accepted,,1024,768,88.04,272.45
Paris,paris_0232.jpg,accepted,,1024,768,82.81,2888.52
Paris,paris_0233.jpg,accepted,,1023,764,128.15,4159.27
Paris,paris_0234.jpg,accepted,,1024,768,129.25,2690.69
Paris,paris_0235.jpg,accepted,,1024,768,93.40,907.53
Paris,paris_0236.jpg,accepted,,1024,576,126.29,1950.24
Paris,paris_0237.jpg,accepted,,1024,768,67.34,770.26
Paris,paris_0238.jpg,accepted,,1024,768,101.86,3936.82
Paris,paris_0239.jpg,accepted,,1024,768,86.15,2841.29
Paris,paris_0240.jpg,accepted,,1024,576,120.30,1682.26
Paris,paris_0241.jpg,accepted,,1024,576,99.30,2153.81
Paris,paris_0242.jpg,accepted,,1024,576,102.96,2303.52
Paris,paris_0243.jpg,accepted,,1024,768,125.41,2037.50
Paris,paris_0244.jpg,accepted,,1024,768,96.70,627.63
Paris,paris_0245.jpg,accepted,,1024,768,131.44,2281.15
Paris,paris_0246.jpg,accepted,,1024,768,125.64,418.15
Paris,paris_0247.jpg,accepted,,1024,768,138.61,660.90
Paris,paris_0248.jpg,accepted,,1024,768,108.67,1507.39
Paris,paris_0249.jpg,accepted,,1024,576,122.95,1158.80
Paris,paris_0250.jpg,accepted,,1024,768,105.41,1250.69
Paris,paris_0251.jpg,accepted,,1024,768,105.38,956.66
Paris,paris_0252.jpg,accepted,,1024,576,114.21,690.26
Paris,paris_0253.jpg,accepted,,1024,768,110.18,408.05
Paris,paris_0254.jpg,accepted,,1024,768,128.98,1055.66
Paris,paris_0255.jpg,accepted,,1024,576,100.13,880.17
Paris,paris_0256.jpg,accepted,,1024,768,109.01,1172.78
Paris,paris_0257.jpg,accepted,,1024,768,122.78,6073.20
Paris,paris_0258.jpg,accepted,,1024,1820,153.34,534.90
Paris,paris_0259.jpg,accepted,,1024,576,92.78,3516.91
Paris,paris_0260.jpg,accepted,,1024,768,108.27,597.76
Paris,paris_0261.jpg,accepted,,1024,576,94.01,426.27
Paris,paris_0262.jpg,accepted,,1024,768,60.06,772.84
Paris,paris_0263.jpg,accepted,,1024,576,122.45,729.56
Paris,paris_0264.jpg,accepted,,1024,768,84.66,390.57
Paris,paris_0265.jpg,accepted,,900,1200,88.19,1142.38
Paris,paris_0266.jpg,accepted,,1024,768,87.90,688.03
Paris,paris_0267.jpg,accepted,,1024,768,102.03,1784.58
Paris,paris_0268.jpg,accepted,,1024,576,76.46,525.65
Paris,paris_0269.jpg,accepted,,1024,576,134.73,1472.99
Paris,paris_0270.jpg,accepted,,1024,1365,71.30,428.36
Paris,paris_0271.jpg,accepted,,1024,768,93.60,904.59
Paris,paris_0272.jpg,accepted,,1024,768,143.67,1440.85
Paris,paris_0273.jpg,accepted,,1024,768,112.72,1636.98
Paris,paris_0274.jpg,accepted,,1024,768,124.77,1054.23
Paris,paris_0275.jpg,accepted,,1024,768,123.88,483.97
Paris,paris_0276.jpg,accepted,,1024,768,68.92,156.62
Paris,paris_0277.jpg,accepted,,1024,768,114.23,836.50
Paris,paris_0278.jpg,accepted,,1024,768,80.11,521.71
Paris,paris_0279.jpg,accepted,,1024,576,130.28,4373.24
Paris,paris_0280.jpg,accepted,,1024,768,121.70,1382.15
Paris,paris_0281.jpg,accepted,,1024,768,105.00,1945.56
Paris,paris_0282.jpg,accepted,,1024,768,114.90,1031.57
Paris,paris_0283.jpg,accepted,,1024,768,106.46,1162.39
Paris,paris_0284.jpg,accepted,,1024,768,138.05,1314.45
Paris,paris_0285.jpg,accepted,,1024,576,130.42,1209.22
Paris,paris_0286.jpg,accepted,,1024,576,128.17,1854.20
Paris,paris_0287.jpg,accepted,,1024,768,108.79,1303.89
Paris,paris_0288.jpg,accepted,,1024,768,118.38,319.12
Paris,paris_0289.jpg,accepted,,1024,768,81.99,344.77
Paris,paris_0290.jpg,accepted,,1024,768,97.31,588.27
Paris,paris_0291.jpg,accepted,,1024,576,107.60,1518.62
Paris,paris_0292.jpg,accepted,,900,1200,112.15,1461.56
Paris,paris_0293.jpg,accepted,,1024,768,102.67,3606.30
Paris,paris_0294.jpg,accepted,,1024,768,114.35,869.61
Paris,paris_0295.jpg,accepted,,1024,576,99.73,674.07
Paris,paris_0296.jpg,accepted,,1024,768,52.60,954.71
Paris,paris_0297.jpg,accepted,,1024,768,127.16,2604.80
Paris,paris_0298.jpg,accepted,,1024,768,126.37,1000.95
Paris,paris_0299.jpg,accepted,,1024,768,97.26,2218.31
Paris,paris_0300.jpg,accepted,,1024,576,70.84,772.38
Paris,paris_0301.jpg,accepted,,1024,768,108.27,3937.36
Paris,paris_0302.jpg,accepted,,1023,575,113.70,920.88
Paris,paris_0303.jpg,accepted,,1024,768,134.41,249.68
Paris,paris_0304.jpg,accepted,,1024,768,107.20,809.90
Paris,paris_0305.jpg,accepted,,1024,768,81.11,461.84
Paris,paris_0306.jpg,accepted,,1024,768,111.14,1355.67
Paris,paris_0307.jpg,accepted,,1024,768,95.62,266.21
Paris,paris_0308.jpg,accepted,,1024,768,105.15,821.26
Paris,paris_0309.jpg,accepted,,1024,768,115.59,1486.54
Paris,paris_0310.jpg,accepted,,1023,575,97.80,1191.46
Paris,paris_0311.jpg,accepted,,1024,768,121.30,2362.81
Paris,paris_0312.jpg,accepted,,1024,576,54.14,1562.83
Paris,paris_0313.jpg,accepted,,1024,768,127.39,151.71
Paris,paris_0314.jpg,accepted,,1024,768,133.30,1603.77
Paris,paris_0315.jpg,accepted,,1024,768,88.96,480.95
Paris,paris_0316.jpg,accepted,,1024,576,115.82,292.83
Paris,paris_0317.jpg,accepted,,1024,768,128.59,314.49
Paris,paris_0318.jpg,accepted,,1024,768,133.62,2534.33
Paris,paris_0319.jpg,accepted,,1024,768,117.34,117.64
Paris,paris_0320.jpg,accepted,,1024,768,92.05,908.26
Prague,prague_0001.jpg,accepted,,1024,896,98.18,477.50
Prague,prague_0002.jpg,accepted,,1024,768,115.95,96.94
Prague,prague_0003.jpg,accepted,,1024,576,130.39,176.02
Prague,prague_0004.jpg,accepted,,1024,768,91.08,732.39
Prague,prague_0005.jpg,accepted,,1023,765,114.46,1796.36
Prague,prague_0006.jpg,accepted,,1023,765,133.02,1377.98
Prague,prague_0007.jpg,accepted,,1024,768,97.36,1311.87
Prague,prague_0008.jpg,accepted,,1024,768,120.00,852.83
Prague,prague_0009.jpg,accepted,,1024,576,113.62,594.62
Prague,prague_0010.jpg,accepted,,1024,896,109.29,729.69
Prague,prague_0011.jpg,accepted,,1023,772,93.53,641.97
Prague,prague_0012.jpg,accepted,,1024,896,12.49,82.62
Prague,prague_0013.jpg,review,possible_blur,1024,768,133.94,17.90
Prague,prague_0014.jpg,accepted,,1024,576,121.09,1063.46
Prague,prague_0015.jpg,accepted,,1024,896,98.83,148.76
Prague,prague_0016.jpg,accepted,,1024,576,125.79,1155.68
Prague,prague_0017.jpg,accepted,,1024,768,101.80,215.03
Prague,prague_0018.jpg,accepted,,1023,765,79.64,828.34
Prague,prague_0019.jpg,accepted,,1024,896,105.68,188.97
Prague,prague_0020.jpg,accepted,,1024,768,103.70,1419.12
Prague,prague_0021.jpg,accepted,,1024,576,131.30,479.65
Prague,prague_0022.jpg,accepted,,1024,768,78.94,221.05
Prague,prague_0023.jpg,accepted,,1024,768,96.48,1517.26
Prague,prague_0024.jpg,accepted,,1024,576,123.80,591.08
Prague,prague_0025.jpg,accepted,,1024,768,137.60,377.78
Prague,prague_0026.jpg,accepted,,1024,768,136.25,3267.41
Prague,prague_0027.jpg,accepted,,1024,576,122.31,1092.69
Prague,prague_0028.jpg,accepted,,1024,896,96.98,519.25
Prague,prague_0029.jpg,accepted,,1024,576,128.64,52.14
Prague,prague_0030.jpg,accepted,,1024,768,88.24,117.21
Prague,prague_0031.jpg,accepted,,1024,768,110.49,1203.15
Prague,prague_0032.jpg,accepted,,1024,768,91.67,921.80
Prague,prague_0033.jpg,review,possible_blur,1024,768,124.61,3.22
Prague,prague_0034.jpg,accepted,,1024,768,123.12,120.50
Prague,prague_0035.jpg,accepted,,1024,768,81.40,736.74
Prague,prague_0036.jpg,accepted,,1024,768,61.14,229.19
Prague,prague_0037.jpg,accepted,,1024,768,94.31,740.69
Prague,prague_0038.jpg,review,possible_blur,1024,768,76.90,5.47
Prague,prague_0039.jpg,accepted,,1024,896,114.78,383.81
Prague,prague_0040.jpg,accepted,,1024,768,119.62,379.54
Prague,prague_0041.jpg,accepted,,1024,768,110.01,347.32
Prague,prague_0042.jpg,accepted,,1024,768,104.78,1064.36
Prague,prague_0043.jpg,accepted,,1024,768,121.12,1291.31
Prague,prague_0044.jpg,accepted,,1024,1820,89.58,816.94
Prague,prague_0045.jpg,accepted,,1024,576,96.35,1885.64
Prague,prague_0046.jpg,accepted,,1023,772,85.79,182.32
Prague,prague_0047.jpg,accepted,,1024,576,104.50,960.18
Prague,prague_0048.jpg,accepted,,1024,768,111.11,1113.76
Prague,prague_0049.jpg,accepted,,1024,768,142.89,1784.12
Prague,prague_0050.jpg,accepted,,1024,576,135.80,167.55
Prague,prague_0051.jpg,review,possible_blur,1024,768,101.56,30.22
Prague,prague_0052.jpg,accepted,,1024,576,110.75,66.68
Prague,prague_0053.jpg,accepted,,1024,768,117.74,775.72
Prague,prague_0054.jpg,accepted,,1024,576,135.68,904.67
Prague,prague_0055.jpg,accepted,,1024,768,107.52,1401.48
Prague,prague_0056.jpg,accepted,,1024,768,116.19,86.00
Prague,prague_0057.jpg,accepted,,1024,576,107.46,134.54
Prague,prague_0058.jpg,accepted,,1024,768,114.32,634.78
Prague,prague_0059.jpg,accepted,,1024,768,110.46,303.80
Prague,prague_0060.jpg,accepted,,1024,768,94.73,1049.21
Prague,prague_0061.jpg,accepted,,1024,576,108.61,707.86
Prague,prague_0062.jpg,accepted,,1024,576,117.96,148.06
Prague,prague_0063.jpg,accepted,,1024,768,133.12,596.80
Prague,prague_0064.jpg,accepted,,1024,768,109.52,1220.95
Prague,prague_0065.jpg,accepted,,1024,768,136.61,1149.07
Prague,prague_0066.jpg,accepted,,1024,768,115.94,455.95
Prague,prague_0067.jpg,accepted,,1024,768,102.31,718.49
Prague,prague_0068.jpg,accepted,,1024,896,105.88,69.21
Prague,prague_0069.jpg,accepted,,1023,765,105.35,1206.83
Prague,prague_0070.jpg,accepted,,1023,772,113.81,228.91
Prague,prague_0071.jpg,accepted,,1024,768,114.68,1905.80
Prague,prague_0072.jpg,accepted,,1024,576,110.68,1101.33
Prague,prague_0073.jpg,accepted,,1024,768,119.87,392.84
Prague,prague_0074.jpg,accepted,,1023,772,98.77,43.28
Prague,prague_0075.jpg,accepted,,1024,768,71.65,277.34
Prague,prague_0076.jpg,accepted,,1024,768,83.96,216.02
Prague,prague_0077.jpg,accepted,,1024,768,131.17,242.36
Prague,prague_0078.jpg,accepted,,1024,768,88.99,217.34
Prague,prague_0079.jpg,accepted,,1024,768,145.75,398.66
Prague,prague_0080.jpg,accepted,,1024,768,120.13,1058.29
Prague,prague_0081.jpg,accepted,,1024,768,91.72,435.91
Prague,prague_0082.jpg,accepted,,1024,768,102.68,642.80
Prague,prague_0083.jpg,accepted,,1024,768,128.22,230.03
Prague,prague_0084.jpg,accepted,,1024,768,142.06,161.58
Prague,prague_0085.jpg,accepted,,1024,576,130.30,208.76
Prague,prague_0086.jpg,accepted,,1024,576,131.29,1095.77
Prague,prague_0087.jpg,accepted,,1024,768,126.92,797.11
Prague,prague_0088.jpg,review,possible_blur,1024,896,58.40,11.23
Prague,prague_0089.jpg,accepted,,1024,576,107.30,893.81
Prague,prague_0090.jpg,accepted,,1024,576,135.69,1118.64
Prague,prague_0091.jpg,accepted,,1024,768,134.51,414.38
Prague,prague_0092.jpg,accepted,,1024,768,96.85,1438.87
Prague,prague_0093.jpg,accepted,,1024,768,119.66,2049.89
Prague,prague_0094.jpg,accepted,,1024,576,84.92,957.78
Prague,prague_0095.jpg,accepted,,1024,576,129.15,460.68
Prague,prague_0096.jpg,accepted,,1024,768,85.12,767.81
Prague,prague_0097.jpg,accepted,,1024,768,132.74,673.55
Prague,prague_0098.jpg,accepted,,1024,768,115.51,309.16
Prague,prague_0099.jpg,accepted,,1024,768,108.78,1145.51
Prague,prague_0100.jpg,accepted,,1023,772,94.78,100.51
Prague,prague_0101.jpg,accepted,,1024,896,104.16,103.70
Prague,prague_0102.jpg,accepted,,1024,768,103.11,1486.97
Prague,prague_0103.jpg,accepted,,1024,768,96.86,1615.92
Prague,prague_0104.jpg,accepted,,1024,576,104.82,214.44
Prague,prague_0105.jpg,accepted,,1024,896,34.01,41.75
Prague,prague_0106.jpg,accepted,,1024,576,78.75,93.94
Prague,prague_0107.jpg,accepted,,1024,768,108.59,2048.37
Prague,prague_0108.jpg,accepted,,1024,768,110.01,669.34
Prague,prague_0109.jpg,accepted,,1024,768,120.78,1157.40
Prague,prague_0110.jpg,accepted,,1024,576,110.89,1447.45
Prague,prague_0111.jpg,accepted,,1024,768,115.54,1649.45
Prague,prague_0112.jpg,accepted,,1024,768,115.16,114.98
Prague,prague_0113.jpg,accepted,,1024,576,131.13,873.06
Prague,prague_0114.jpg,accepted,,1024,768,87.62,3409.36
Prague,prague_0115.jpg,accepted,,1023,772,80.62,2072.92
Prague,prague_0116.jpg,accepted,,1024,576,107.27,927.36
Prague,prague_0117.jpg,accepted,,1024,768,104.55,294.28
Prague,prague_0118.jpg,accepted,,1024,768,67.83,98.83
Prague,prague_0119.jpg,accepted,,1024,768,128.08,3314.67
Prague,prague_0120.jpg,accepted,,1024,768,120.76,148.44
Prague,prague_0121.jpg,accepted,,1024,896,93.08,648.61
Prague,prague_0122.jpg,accepted,,1024,768,79.86,785.19
Prague,prague_0123.jpg,accepted,,1023,765,107.97,697.27
Prague,prague_0124.jpg,accepted,,1024,768,119.79,372.93
Prague,prague_0125.jpg,review,possible_blur,1024,896,50.77,22.78
Prague,prague_0126.jpg,accepted,,1024,576,104.20,354.79
Prague,prague_0127.jpg,accepted,,1024,576,120.67,1304.99
Prague,prague_0128.jpg,accepted,,1024,576,122.63,229.45
Prague,prague_0129.jpg,accepted,,1024,768,112.87,964.53
Prague,prague_0130.jpg,accepted,,1024,768,101.01,750.25
Prague,prague_0131.jpg,accepted,,1023,765,115.53,894.79
Prague,prague_0132.jpg,accepted,,1024,768,133.05,425.65
Prague,prague_0133.jpg,accepted,,1024,576,112.48,54.10
Prague,prague_0134.jpg,accepted,,1024,768,94.29,917.21
Prague,prague_0135.jpg,accepted,,1024,768,125.99,1636.64
Prague,prague_0136.jpg,accepted,,1024,768,119.15,594.29
Prague,prague_0137.jpg,accepted,,1024,896,82.66,1814.79
Prague,prague_0138.jpg,accepted,,1024,576,119.01,1155.98
Prague,prague_0139.jpg,accepted,,1023,765,115.31,800.77
Prague,prague_0140.jpg,accepted,,1024,768,123.69,538.44
Prague,prague_0141.jpg,accepted,,1024,576,126.09,946.37
Prague,prague_0142.jpg,accepted,,1024,768,140.31,726.43
Prague,prague_0143.jpg,accepted,,1024,576,98.71,659.92
Prague,prague_0144.jpg,accepted,,1024,768,112.11,735.19
Prague,prague_0145.jpg,accepted,,1024,768,151.22,1177.60
Prague,prague_0146.jpg,accepted,,1024,576,116.61,559.61
Prague,prague_0147.jpg,accepted,,1024,768,97.71,844.84
Prague,prague_0148.jpg,review,possible_blur,1024,768,125.96,15.74
Prague,prague_0149.jpg,accepted,,1024,768,120.19,609.12
Prague,prague_0150.jpg,accepted,,1024,896,74.04,114.19
Prague,prague_0151.jpg,accepted,,1024,576,104.39,227.99
Prague,prague_0152.jpg,accepted,,1024,576,83.64,1047.24
Prague,prague_0153.jpg,accepted,,1023,765,113.71,857.09
Prague,prague_0154.jpg,accepted,,1024,768,104.07,1149.17
Prague,prague_0155.jpg,accepted,,1024,678,131.82,1263.62
Prague,prague_0156.jpg,accepted,,1024,576,95.24,810.63
Prague,prague_0157.jpg,accepted,,1024,768,111.04,539.05
Prague,prague_0158.jpg,accepted,,1024,768,69.33,1664.68
Prague,prague_0159.jpg,accepted,,1024,576,133.34,1133.48
Prague,prague_0160.jpg,accepted,,1024,576,92.14,1414.67
Prague,prague_0161.jpg,accepted,,1024,576,139.79,678.54
Prague,prague_0162.jpg,accepted,,1024,576,98.14,1084.37
Prague,prague_0163.jpg,accepted,,1024,768,117.08,928.79
Prague,prague_0164.jpg,accepted,,1023,678,131.34,1172.70
Prague,prague_0165.jpg,accepted,,1024,768,119.02,427.12
Prague,prague_0166.jpg,accepted,,1023,765,136.51,1861.37
Prague,prague_0167.jpg,accepted,,1024,768,104.56,1223.12
Prague,prague_0168.jpg,accepted,,1024,576,110.41,2768.23
Prague,prague_0169.jpg,accepted,,1024,768,110.48,153.65
Prague,prague_0170.jpg,accepted,,1024,576,89.98,1556.11
Prague,prague_0171.jpg,accepted,,1024,576,86.67,2260.04
Prague,prague_0172.jpg,accepted,,1024,768,105.21,1252.28
Prague,prague_0173.jpg,accepted,,1024,768,140.35,1138.72
Prague,prague_0174.jpg,accepted,,1023,765,103.66,1601.44
Prague,prague_0175.jpg,accepted,,1024,768,118.90,2005.50
Prague,prague_0176.jpg,accepted,,1024,768,111.54,233.61
Prague,prague_0177.jpg,accepted,,1024,768,133.10,1042.51
Prague,prague_0178.jpg,accepted,,1024,768,98.66,1226.65
Prague,prague_0179.jpg,accepted,,1024,768,91.73,482.01
Prague,prague_0180.jpg,accepted,,1024,768,137.56,334.05
Prague,prague_0181.jpg,accepted,,1024,576,123.90,446.66
Prague,prague_0182.jpg,accepted,,1024,768,73.05,1418.70
Prague,prague_0183.jpg,accepted,,1024,576,98.67,1365.61
Prague,prague_0184.jpg,accepted,,1024,768,114.40,2159.90
Prague,prague_0185.jpg,accepted,,1024,768,110.34,372.79
Prague,prague_0186.jpg,accepted,,1024,768,111.79,147.11
Prague,prague_0187.jpg,accepted,,1024,768,63.32,45.10
Prague,prague_0188.jpg,accepted,,1024,768,110.89,1835.52
Prague,prague_0189.jpg,accepted,,1024,704,174.92,402.41
Prague,prague_0190.jpg,accepted,,1024,768,124.33,388.06
Prague,prague_0191.jpg,accepted,,1024,576,121.00,1041.48
Prague,prague_0192.jpg,accepted,,1024,768,100.81,1192.77
Prague,prague_0193.jpg,accepted,,1024,768,91.71,214.91
Prague,prague_0194.jpg,accepted,,1024,768,129.52,634.78
Prague,prague_0195.jpg,accepted,,1024,576,116.81,251.35
Prague,prague_0196.jpg,accepted,,1024,576,100.52,794.45
Prague,prague_0197.jpg,accepted,,1023,765,114.77,1957.18
Prague,prague_0198.jpg,accepted,,1024,768,121.84,1336.03
Prague,prague_0199.jpg,accepted,,1024,768,131.58,836.34
Prague,prague_0200.jpg,accepted,,1024,768,128.13,1865.69
Prague,prague_0201.jpg,accepted,,1024,768,157.39,1071.51
Prague,prague_0202.jpg,accepted,,1024,768,101.50,461.89
Prague,prague_0203.jpg,accepted,,1024,768,90.10,536.57
Prague,prague_0204.jpg,accepted,,1024,768,111.94,402.33
Prague,prague_0205.jpg,accepted,,1024,768,109.11,965.50
Prague,prague_0206.jpg,accepted,,1024,768,132.35,1194.75
Prague,prague_0207.jpg,accepted,,1024,768,120.79,768.85
Prague,prague_0208.jpg,accepted,,1024,576,109.89,455.56
Prague,prague_0209.jpg,accepted,,1024,768,138.95,1174.20
Prague,prague_0210.jpg,accepted,,1024,768,135.54,53.99
Prague,prague_0211.jpg,accepted,,1024,768,145.61,229.96
Prague,prague_0212.jpg,accepted,,1024,768,91.32,682.05
Prague,prague_0213.jpg,accepted,,1024,656,166.03,2066.46
Prague,prague_0214.jpg,accepted,,1024,768,122.39,680.78
Prague,prague_0215.jpg,review,possible_blur,1024,576,81.24,33.77
Prague,prague_0216.jpg,accepted,,1024,576,151.29,1916.06
Prague,prague_0217.jpg,accepted,,1024,768,123.88,589.89
Prague,prague_0218.jpg,accepted,,1024,768,93.42,732.80
Prague,prague_0219.jpg,accepted,,1024,576,110.48,1702.12
Prague,prague_0220.jpg,accepted,,1024,576,115.62,94.68
Prague,prague_0221.jpg,accepted,,1024,576,100.04,86.89
Prague,prague_0222.jpg,accepted,,1024,768,122.33,75.33
Prague,prague_0223.jpg,accepted,,1024,576,125.39,2289.65
Prague,prague_0224.jpg,accepted,,1024,768,110.79,791.65
Prague,prague_0225.jpg,accepted,,1023,765,76.99,858.57
Prague,prague_0226.jpg,accepted,,1024,768,84.11,1172.31
Prague,prague_0227.jpg,accepted,,1024,768,122.56,99.21
Prague,prague_0228.jpg,accepted,,1024,768,106.81,64.63
Prague,prague_0229.jpg,accepted,,1024,768,127.86,1331.56
Prague,prague_0230.jpg,accepted,,1024,768,90.57,647.31
Prague,prague_0231.jpg,accepted,,1024,768,116.73,76.12
Prague,prague_0232.jpg,accepted,,1024,768,115.28,133.91
Prague,prague_0233.jpg,accepted,,1024,576,118.15,260.45
Prague,prague_0234.jpg,accepted,,1024,768,136.64,1358.15
Prague,prague_0235.jpg,accepted,,1024,768,113.55,311.55
Prague,prague_0236.jpg,accepted,,1024,896,86.51,155.40
Prague,prague_0237.jpg,accepted,,1024,768,128.03,465.55
Prague,prague_0238.jpg,accepted,,1024,768,102.22,1064.68
Prague,prague_0239.jpg,accepted,,1023,772,115.04,553.86
Prague,prague_0240.jpg,review,possible_blur,1024,768,141.50,17.20
Prague,prague_0241.jpg,accepted,,1024,768,129.04,682.53
Prague,prague_0242.jpg,accepted,,1023,765,102.40,1266.02
Prague,prague_0243.jpg,accepted,,1024,768,131.56,2213.73
Prague,prague_0244.jpg,accepted,,1024,768,96.73,334.79
Prague,prague_0245.jpg,accepted,,1024,768,114.16,645.83
Prague,prague_0246.jpg,accepted,,1024,576,113.23,39.73
Prague,prague_0247.jpg,accepted,,1024,768,120.60,921.99
Prague,prague_0248.jpg,accepted,,1024,768,120.53,202.73
Prague,prague_0249.jpg,accepted,,1024,576,118.73,1535.40
Prague,prague_0250.jpg,accepted,,1024,576,107.33,144.15
Prague,prague_0251.jpg,accepted,,1024,768,124.23,56.00
Prague,prague_0252.jpg,accepted,,1024,768,88.63,459.58
Prague,prague_0253.jpg,accepted,,1024,768,107.46,223.01
Prague,prague_0254.jpg,accepted,,1024,678,142.97,1725.93
Prague,prague_0255.jpg,accepted,,1024,1820,115.30,1071.76
Prague,prague_0256.jpg,accepted,,1024,768,135.60,1068.44
Prague,prague_0257.jpg,accepted,,1024,576,108.98,267.78
Prague,prague_0258.jpg,accepted,,1024,768,87.36,514.62
Prague,prague_0259.jpg,accepted,,1023,772,120.16,233.54
Prague,prague_0260.jpg,accepted,,1024,768,138.91,1814.52
Prague,prague_0261.jpg,accepted,,1023,772,64.23,679.17
Prague,prague_0262.jpg,accepted,,1024,768,119.02,230.90
Prague,prague_0263.jpg,accepted,,1024,768,120.77,428.21
Prague,prague_0264.jpg,accepted,,1024,768,84.17,248.59
Prague,prague_0265.jpg,accepted,,1024,576,129.91,436.50
Prague,prague_0266.jpg,accepted,,1024,768,98.23,260.69
Prague,prague_0267.jpg,accepted,,1024,576,109.63,755.89
Prague,prague_0268.jpg,accepted,,1024,768,117.63,404.10
Prague,prague_0269.jpg,accepted,,1024,768,116.01,3213.97
Prague,prague_0270.jpg,accepted,,1024,768,84.43,648.23
Prague,prague_0271.jpg,accepted,,1024,768,109.66,779.18
Prague,prague_0272.jpg,accepted,,1024,576,122.46,717.53
Prague,prague_0273.jpg,accepted,,1024,576,123.02,333.50
Prague,prague_0274.jpg,accepted,,1024,768,101.10,1089.67
Prague,prague_0275.jpg,accepted,,1024,576,94.45,776.83
Prague,prague_0276.jpg,accepted,,1024,768,98.57,636.88
Prague,prague_0277.jpg,accepted,,1024,768,120.37,1194.07
Prague,prague_0278.jpg,accepted,,1024,896,115.99,48.84
Prague,prague_0279.jpg,accepted,,1024,768,102.11,1180.94
Prague,prague_0280.jpg,accepted,,1024,768,112.28,856.24
Prague,prague_0281.jpg,accepted,,1024,768,100.86,461.09
Prague,prague_0282.jpg,accepted,,1023,772,101.97,2184.31
Prague,prague_0283.jpg,accepted,,1024,768,105.51,761.47
Prague,prague_0284.jpg,accepted,,1024,768,86.90,845.85
Prague,prague_0285.jpg,accepted,,1024,768,111.51,69.47
Prague,prague_0286.jpg,accepted,,1024,768,82.91,280.69
Prague,prague_0287.jpg,accepted,,1024,768,130.09,1926.16
Prague,prague_0288.jpg,accepted,,1024,768,134.59,223.21
Prague,prague_0289.jpg,accepted,,1024,576,87.15,600.14
Prague,prague_0290.jpg,accepted,,1024,768,114.08,1754.39
Prague,prague_0291.jpg,accepted,,1024,768,128.97,486.32
Prague,prague_0292.jpg,accepted,,1024,576,96.95,397.35
Prague,prague_0293.jpg,accepted,,1024,768,125.69,162.93
Prague,prague_0294.jpg,accepted,,1024,576,112.66,951.18
Prague,prague_0295.jpg,accepted,,1023,772,72.47,135.55
Prague,prague_0296.jpg,accepted,,1024,768,75.67,129.77
Prague,prague_0297.jpg,accepted,,1024,768,126.12,1695.48
Prague,prague_0298.jpg,accepted,,1024,768,126.69,670.50
Prague,prague_0299.jpg,accepted,,1024,768,91.10,2935.00
Prague,prague_0300.jpg,accepted,,1024,768,113.70,43.55
Prague,prague_0301.jpg,accepted,,1024,768,118.22,4743.51
Prague,prague_0302.jpg,accepted,,1024,768,120.83,2051.39
Prague,prague_0303.jpg,accepted,,1024,768,140.36,1009.17
Prague,prague_0304.jpg,accepted,,1024,768,115.66,840.63
Prague,prague_0305.jpg,accepted,,1024,768,127.10,401.60
Prague,prague_0306.jpg,accepted,,1024,768,104.73,1242.61
Prague,prague_0307.jpg,accepted,,1024,576,109.21,1182.39
Prague,prague_0308.jpg,accepted,,1024,768,102.94,313.16
Prague,prague_0309.jpg,accepted,,1024,768,129.40,445.87
Prague,prague_0310.jpg,accepted,,1024,768,88.20,1338.98
Prague,prague_0311.jpg,accepted,,1024,768,127.27,882.20
Prague,prague_0312.jpg,accepted,,1023,765,97.83,1904.44
Prague,prague_0313.jpg,accepted,,1024,576,116.83,3209.11
Prague,prague_0314.jpg,accepted,,1024,768,128.54,183.99
Prague,prague_0315.jpg,accepted,,1024,768,98.76,2634.11
Prague,prague_0316.jpg,accepted,,1024,768,108.60,445.45
Prague,prague_0317.jpg,accepted,,1024,768,114.21,209.32
Prague,prague_0318.jpg,accepted,,1024,768,100.59,3126.09
Prague,prague_0319.jpg,accepted,,1024,768,93.04,1038.81
Prague,prague_0320.jpg,accepted,,1024,768,137.84,739.77
Prague,prague_0321.jpg,accepted,,1024,768,82.06,277.47
Rome,rome_0001.jpg,accepted,,1024,768,113.73,889.05
Rome,rome_0002.jpg,accepted,,1024,768,111.56,1156.64
Rome,rome_0003.jpg,accepted,,1024,768,134.23,198.73
Rome,rome_0004.jpg,accepted,,1024,768,140.70,2512.77
Rome,rome_0005.jpg,accepted,,1024,768,106.06,912.44
Rome,rome_0006.jpg,accepted,,1024,768,121.02,702.53
Rome,rome_0007.jpg,accepted,,1024,1820,121.22,1643.26
Rome,rome_0008.jpg,accepted,,1024,768,141.13,1795.47
Rome,rome_0009.jpg,accepted,,1024,768,87.40,1790.31
Rome,rome_0010.jpg,accepted,,1024,768,125.55,47.49
Rome,rome_0011.jpg,accepted,,1024,768,119.91,859.75
Rome,rome_0012.jpg,accepted,,1024,768,113.35,1535.48
Rome,rome_0013.jpg,accepted,,1024,768,131.99,245.36
Rome,rome_0014.jpg,accepted,,1024,768,132.52,216.30
Rome,rome_0015.jpg,accepted,,1024,768,120.71,154.72
Rome,rome_0016.jpg,accepted,,1024,768,89.94,2143.94
Rome,rome_0017.jpg,accepted,,1024,768,82.78,1175.35
Rome,rome_0018.jpg,accepted,,1024,768,116.48,965.54
Rome,rome_0019.jpg,accepted,,1024,768,90.31,1300.87
Rome,rome_0020.jpg,accepted,,1024,768,139.54,641.96
Rome,rome_0021.jpg,accepted,,1024,768,108.98,1582.50
Rome,rome_0022.jpg,accepted,,1024,768,143.33,115.03
Rome,rome_0023.jpg,accepted,,1024,768,115.60,424.67
Rome,rome_0024.jpg,accepted,,1024,768,117.80,269.73
Rome,rome_0025.jpg,accepted,,1024,768,121.99,1873.24
Rome,rome_0026.jpg,accepted,,1024,768,139.40,305.36
Rome,rome_0027.jpg,accepted,,1024,768,136.72,1377.07
Rome,rome_0028.jpg,accepted,,1024,768,74.28,1024.25
Rome,rome_0029.jpg,accepted,,1024,768,89.47,1286.86
Rome,rome_0030.jpg,accepted,,1024,576,122.13,223.19
Rome,rome_0031.jpg,accepted,,1024,768,136.81,655.88
Rome,rome_0032.jpg,accepted,,1024,768,113.27,757.30
Rome,rome_0033.jpg,accepted,,1024,768,142.42,1318.14
Rome,rome_0034.jpg,accepted,,1024,768,108.28,1071.24
Rome,rome_0035.jpg,accepted,,1024,768,96.67,357.88
Rome,rome_0036.jpg,accepted,,1024,768,94.52,670.61
Rome,rome_0037.jpg,accepted,,1024,576,89.50,577.23
Rome,rome_0038.jpg,accepted,,1024,768,105.83,1060.89
Rome,rome_0039.jpg,accepted,,1024,768,104.36,432.11
Rome,rome_0040.jpg,accepted,,1024,576,94.63,864.34
Rome,rome_0041.jpg,accepted,,1024,768,111.15,630.15
Rome,rome_0042.jpg,accepted,,1024,768,118.84,1114.72
Rome,rome_0043.jpg,accepted,,1024,768,152.48,729.95
Rome,rome_0044.jpg,accepted,,1024,768,105.39,353.42
Rome,rome_0045.jpg,accepted,,1024,576,118.96,456.43
Rome,rome_0046.jpg,accepted,,1024,768,141.33,214.88
Rome,rome_0047.jpg,accepted,,1024,768,130.75,108.54
Rome,rome_0048.jpg,accepted,,1024,768,139.31,480.51
Rome,rome_0049.jpg,accepted,,1024,768,160.64,1497.50
Rome,rome_0050.jpg,accepted,,1024,768,100.60,1791.13
Rome,rome_0051.jpg,accepted,,1024,768,122.22,363.05
Rome,rome_0052.jpg,accepted,,1024,768,139.93,111.49
Rome,rome_0053.jpg,accepted,,1023,1364,129.39,2045.98
Rome,rome_0054.jpg,accepted,,1024,768,97.63,1189.12
Rome,rome_0055.jpg,accepted,,1024,768,120.36,170.39
Rome,rome_0056.jpg,accepted,,1024,768,125.64,176.87
Rome,rome_0057.jpg,accepted,,1024,768,132.46,2483.60
Rome,rome_0058.jpg,accepted,,1024,576,48.71,63.44
Rome,rome_0059.jpg,accepted,,1024,768,119.68,885.47
Rome,rome_0060.jpg,accepted,,1024,768,120.77,1745.20
Rome,rome_0061.jpg,accepted,,1024,768,87.57,681.47
Rome,rome_0062.jpg,accepted,,1024,768,132.61,641.69
Rome,rome_0063.jpg,accepted,,1024,576,124.83,684.06
Rome,rome_0064.jpg,accepted,,1024,768,101.64,965.45
Rome,rome_0065.jpg,accepted,,1024,768,108.69,273.95
Rome,rome_0066.jpg,accepted,,1024,768,69.15,573.43
Rome,rome_0067.jpg,accepted,,1024,768,106.81,2333.72
Rome,rome_0068.jpg,accepted,,1024,768,65.02,601.39
Rome,rome_0069.jpg,accepted,,1024,576,82.00,989.64
Rome,rome_0070.jpg,accepted,,1024,768,106.15,2000.49
Rome,rome_0071.jpg,accepted,,1024,576,89.69,582.83
Rome,rome_0072.jpg,accepted,,1024,768,141.51,281.98
Rome,rome_0073.jpg,accepted,,1024,768,129.66,77.96
Rome,rome_0074.jpg,accepted,,1024,768,124.45,1099.32
Rome,rome_0075.jpg,accepted,,1024,768,136.33,47.97
Rome,rome_0076.jpg,accepted,,1024,768,79.61,1090.78
Rome,rome_0077.jpg,accepted,,1024,768,144.88,1209.31
Rome,rome_0078.jpg,accepted,,1024,768,101.36,1489.24
Rome,rome_0079.jpg,accepted,,1024,768,110.76,361.74
Rome,rome_0080.jpg,accepted,,1024,768,113.46,1064.86
Rome,rome_0081.jpg,accepted,,1024,768,126.78,724.67
Rome,rome_0082.jpg,accepted,,1024,768,101.64,1068.53
Rome,rome_0083.jpg,accepted,,1024,576,144.31,482.66
Rome,rome_0084.jpg,accepted,,1024,768,127.46,222.49
Rome,rome_0085.jpg,accepted,,1024,768,145.71,155.68
Rome,rome_0086.jpg,accepted,,1024,768,100.80,377.89
Rome,rome_0087.jpg,accepted,,1024,768,93.99,2207.10
Rome,rome_0088.jpg,accepted,,1024,768,110.45,2123.82
Rome,rome_0089.jpg,accepted,,1024,768,103.42,983.35
Rome,rome_0090.jpg,accepted,,1024,576,121.71,1867.66
Rome,rome_0091.jpg,accepted,,1024,768,126.23,152.19
Rome,rome_0092.jpg,accepted,,1024,768,121.60,355.37
Rome,rome_0093.jpg,accepted,,1024,768,111.72,1458.07
Rome,rome_0094.jpg,accepted,,1024,768,94.58,51.37
Rome,rome_0095.jpg,accepted,,1024,768,90.26,944.68
Rome,rome_0096.jpg,accepted,,1024,768,108.95,672.15
Rome,rome_0097.jpg,accepted,,1024,768,122.54,1283.24
Rome,rome_0098.jpg,accepted,,1024,768,136.36,1123.08
Rome,rome_0099.jpg,accepted,,1024,768,78.27,726.62
Rome,rome_0100.jpg,accepted,,1024,768,112.89,2205.83
Rome,rome_0101.jpg,accepted,,1024,768,103.50,2391.53
Rome,rome_0102.jpg,accepted,,1024,576,123.76,419.33
Rome,rome_0103.jpg,accepted,,1024,768,128.32,1573.69
Rome,rome_0104.jpg,accepted,,1024,768,112.35,774.42
Rome,rome_0105.jpg,accepted,,1024,576,69.82,894.43
Rome,rome_0106.jpg,accepted,,1024,768,130.30,357.99
Rome,rome_0107.jpg,accepted,,1024,576,123.18,667.35
Rome,rome_0108.jpg,accepted,,1024,768,144.27,2154.29
Rome,rome_0109.jpg,accepted,,1024,768,144.34,4447.93
Rome,rome_0110.jpg,accepted,,1024,768,130.19,166.88
Rome,rome_0111.jpg,accepted,,1024,768,98.92,99.56
Rome,rome_0112.jpg,accepted,,1024,768,114.67,3018.91
Rome,rome_0113.jpg,accepted,,1024,768,95.97,354.49
Rome,rome_0114.jpg,accepted,,1024,768,105.03,1794.47
Rome,rome_0115.jpg,accepted,,1024,768,100.85,1095.79
Rome,rome_0116.jpg,accepted,,1024,768,193.47,93.84
Rome,rome_0117.jpg,accepted,,1024,576,95.74,179.54
Rome,rome_0118.jpg,accepted,,1024,768,106.33,758.63
Rome,rome_0119.jpg,accepted,,1024,768,123.15,283.46
Rome,rome_0120.jpg,accepted,,1024,768,132.35,456.89
Rome,rome_0121.jpg,accepted,,1024,768,122.31,1622.58
Rome,rome_0122.jpg,accepted,,1024,768,121.00,1673.40
Rome,rome_0123.jpg,accepted,,1024,768,111.11,424.26
Rome,rome_0124.jpg,accepted,,1024,576,108.74,466.00
Rome,rome_0125.jpg,accepted,,1024,768,94.11,663.27
Rome,rome_0126.jpg,accepted,,1024,768,134.70,1252.02
Rome,rome_0127.jpg,accepted,,1024,768,112.51,340.41
Rome,rome_0128.jpg,accepted,,1024,768,121.39,1497.53
Rome,rome_0129.jpg,accepted,,1024,768,117.29,2078.25
Rome,rome_0130.jpg,accepted,,1024,768,129.96,973.54
Rome,rome_0131.jpg,accepted,,1024,768,93.25,1269.99
Rome,rome_0132.jpg,accepted,,1024,576,115.35,117.71
Rome,rome_0133.jpg,accepted,,1024,768,109.29,1012.43
Rome,rome_0134.jpg,accepted,,1024,768,109.64,608.44
Rome,rome_0135.jpg,accepted,,1024,768,131.74,2570.74
Rome,rome_0136.jpg,accepted,,1024,768,155.84,118.28
Rome,rome_0137.jpg,accepted,,1024,768,131.49,268.26
Rome,rome_0138.jpg,accepted,,1024,768,148.90,573.50
Rome,rome_0139.jpg,accepted,,1024,576,179.94,334.05
Rome,rome_0140.jpg,accepted,,1024,576,102.25,430.44
Rome,rome_0141.jpg,accepted,,1024,768,103.41,408.59
Rome,rome_0142.jpg,accepted,,1024,768,115.45,536.33
Rome,rome_0143.jpg,accepted,,1024,768,93.52,443.48
Rome,rome_0144.jpg,accepted,,1024,768,124.52,1062.01
Rome,rome_0145.jpg,accepted,,1024,768,116.96,679.41
Rome,rome_0146.jpg,accepted,,1024,576,99.15,877.02
Rome,rome_0147.jpg,accepted,,1024,768,103.36,620.16
Rome,rome_0148.jpg,accepted,,1024,768,110.26,406.46
Rome,rome_0149.jpg,accepted,,1024,576,83.51,438.02
Rome,rome_0150.jpg,accepted,,1024,768,115.20,378.46
Rome,rome_0151.jpg,accepted,,1024,768,95.78,664.45
Rome,rome_0152.jpg,accepted,,1024,768,117.97,493.78
Rome,rome_0153.jpg,accepted,,1024,768,124.19,842.92
Rome,rome_0154.jpg,accepted,,1024,768,130.94,316.08
Rome,rome_0155.jpg,accepted,,1024,768,132.42,247.14
Rome,rome_0156.jpg,accepted,,1024,768,97.22,742.39
Rome,rome_0157.jpg,accepted,,1024,768,95.85,170.53
Rome,rome_0158.jpg,accepted,,1024,576,120.71,320.42
Rome,rome_0159.jpg,accepted,,1024,768,76.63,1738.35
Rome,rome_0160.jpg,accepted,,1024,768,111.62,287.46
Rome,rome_0161.jpg,accepted,,1024,768,138.94,831.37
Rome,rome_0162.jpg,accepted,,1024,768,127.90,1128.56
Rome,rome_0163.jpg,accepted,,1024,768,144.69,1216.15
Rome,rome_0164.jpg,accepted,,1024,768,84.61,59.83
Rome,rome_0165.jpg,accepted,,1024,768,91.93,378.26
Rome,rome_0166.jpg,accepted,,1024,768,61.87,183.23
Rome,rome_0167.jpg,accepted,,1024,768,106.42,1031.59
Rome,rome_0168.jpg,rejected,extremely_dark,1024,768,5.68,0.79
Rome,rome_0169.jpg,accepted,,1024,768,142.96,540.96
Rome,rome_0170.jpg,accepted,,1024,768,154.51,300.54
Rome,rome_0171.jpg,accepted,,1024,768,86.32,286.68
Rome,rome_0172.jpg,accepted,,1024,576,49.58,438.50
Rome,rome_0173.jpg,accepted,,1024,768,102.61,998.64
Rome,rome_0174.jpg,accepted,,1024,768,107.49,2388.80
Rome,rome_0175.jpg,accepted,,1024,576,138.11,498.19
Rome,rome_0176.jpg,accepted,,1024,768,119.75,762.06
Rome,rome_0177.jpg,accepted,,1024,768,127.44,283.79
Rome,rome_0178.jpg,accepted,,1024,768,104.42,774.26
Rome,rome_0179.jpg,accepted,,576,768,105.36,1717.65
Rome,rome_0180.jpg,accepted,,1024,768,84.14,568.07
Rome,rome_0181.jpg,accepted,,1024,768,125.35,427.58
Rome,rome_0182.jpg,accepted,,1024,768,61.53,2185.27
Rome,rome_0183.jpg,accepted,,1024,768,119.43,677.33
Rome,rome_0184.jpg,accepted,,1024,768,100.57,705.88
Rome,rome_0185.jpg,accepted,,1024,576,90.13,517.14
Rome,rome_0186.jpg,accepted,,1024,768,108.45,1007.58
Rome,rome_0187.jpg,accepted,,1024,768,100.10,690.80
Rome,rome_0188.jpg,review,possible_blur,1024,768,138.97,27.68
Rome,rome_0189.jpg,accepted,,1024,768,104.57,975.95
Rome,rome_0190.jpg,accepted,,1024,576,102.40,1161.84
Rome,rome_0191.jpg,accepted,,1024,768,105.51,248.72
Rome,rome_0192.jpg,accepted,,1024,768,128.15,535.31
Rome,rome_0193.jpg,accepted,,1024,768,103.98,519.51
Rome,rome_0194.jpg,accepted,,1024,576,92.70,594.42
Rome,rome_0195.jpg,accepted,,1024,768,121.86,2013.47
Rome,rome_0196.jpg,accepted,,1024,768,126.55,228.53
Rome,rome_0197.jpg,accepted,,1024,768,123.93,45.00
Rome,rome_0198.jpg,accepted,,1024,768,115.95,1097.42
Rome,rome_0199.jpg,accepted,,1024,768,56.05,752.96
Rome,rome_0200.jpg,accepted,,1024,576,104.65,693.19
Rome,rome_0201.jpg,accepted,,1024,768,107.91,315.72
Rome,rome_0202.jpg,accepted,,1024,768,105.92,296.67
Rome,rome_0203.jpg,accepted,,1024,768,60.10,394.43
Rome,rome_0204.jpg,rejected,exact_duplicate_of:rome_0192.jpg,1024,768,128.15,535.31
Rome,rome_0205.jpg,accepted,,1024,768,107.12,418.95
Rome,rome_0206.jpg,rejected,exact_duplicate_of:rome_0194.jpg,1024,576,92.70,594.42
Rome,rome_0207.jpg,accepted,,1024,768,104.66,1586.33
Rome,rome_0208.jpg,accepted,,1024,768,138.72,1333.49
Rome,rome_0209.jpg,rejected,exact_duplicate_of:rome_0197.jpg,1024,768,123.93,45.00
Rome,rome_0210.jpg,rejected,exact_duplicate_of:rome_0198.jpg,1024,768,115.95,1097.42
Rome,rome_0211.jpg,accepted,,1024,768,70.81,901.96
Rome,rome_0212.jpg,rejected,exact_duplicate_of:rome_0200.jpg,1024,576,104.65,693.19
Rome,rome_0213.jpg,rejected,exact_duplicate_of:rome_0201.jpg,1024,768,107.91,315.72
Rome,rome_0214.jpg,rejected,exact_duplicate_of:rome_0202.jpg,1024,768,105.92,296.67
Rome,rome_0215.jpg,accepted,,1024,768,61.42,167.46
Rome,rome_0216.jpg,accepted,,1024,768,108.58,791.35
Stockholm,stockholm_0001.jpg,accepted,,1024,768,117.02,811.32
Stockholm,stockholm_0002.jpg,accepted,,1024,768,79.37,779.34
Stockholm,stockholm_0003.jpg,accepted,,1024,768,84.24,399.93
Stockholm,stockholm_0004.jpg,accepted,,1024,768,85.93,613.48
Stockholm,stockholm_0005.jpg,accepted,,1024,768,140.02,2726.17
Stockholm,stockholm_0006.jpg,accepted,,1024,768,110.57,792.25
Stockholm,stockholm_0007.jpg,accepted,,1024,768,145.68,1522.94
Stockholm,stockholm_0008.jpg,accepted,,1024,768,138.15,943.72
Stockholm,stockholm_0009.jpg,accepted,,1024,768,126.13,1238.71
Stockholm,stockholm_0010.jpg,accepted,,1023,461,123.15,776.71
Stockholm,stockholm_0011.jpg,accepted,,1024,768,139.55,1759.06
Stockholm,stockholm_0012.jpg,accepted,,1024,768,92.04,628.52
Stockholm,stockholm_0013.jpg,accepted,,1024,768,115.45,112.58
Stockholm,stockholm_0014.jpg,accepted,,1024,576,86.89,503.52
Stockholm,stockholm_0015.jpg,accepted,,1024,768,122.96,1081.88
Stockholm,stockholm_0016.jpg,accepted,,1024,768,91.18,167.76
Stockholm,stockholm_0017.jpg,accepted,,1024,768,115.13,479.02
Stockholm,stockholm_0018.jpg,accepted,,1024,768,132.01,314.97
Stockholm,stockholm_0019.jpg,accepted,,1024,768,125.23,1977.61
Stockholm,stockholm_0020.jpg,accepted,,1024,576,129.11,2661.19
Stockholm,stockholm_0021.jpg,accepted,,1024,768,119.66,1031.80
Stockholm,stockholm_0022.jpg,accepted,,1024,768,106.01,2500.68
Stockholm,stockholm_0023.jpg,accepted,,1024,768,95.92,688.94
Stockholm,stockholm_0024.jpg,accepted,,1024,768,108.81,1730.54
Stockholm,stockholm_0025.jpg,accepted,,1024,768,126.86,203.25
Stockholm,stockholm_0026.jpg,accepted,,1024,768,75.62,1025.03
Stockholm,stockholm_0027.jpg,accepted,,1024,768,101.83,842.69
Stockholm,stockholm_0028.jpg,accepted,,1024,768,85.37,1705.54
Stockholm,stockholm_0029.jpg,accepted,,1024,768,111.18,456.66
Stockholm,stockholm_0030.jpg,accepted,,1024,768,96.05,2103.60
Stockholm,stockholm_0031.jpg,accepted,,1024,768,111.37,860.77
Stockholm,stockholm_0032.jpg,accepted,,1024,768,96.56,968.19
Stockholm,stockholm_0033.jpg,accepted,,1024,768,114.90,1236.67
Stockholm,stockholm_0034.jpg,accepted,,1024,768,116.64,2968.32
Stockholm,stockholm_0035.jpg,accepted,,1024,768,113.90,4376.91
Stockholm,stockholm_0036.jpg,accepted,,1024,768,131.26,2147.60
Stockholm,stockholm_0037.jpg,accepted,,1024,768,97.96,710.88
Stockholm,stockholm_0038.jpg,accepted,,1024,576,31.85,50.59
Stockholm,stockholm_0039.jpg,accepted,,1024,768,95.90,707.25
Stockholm,stockholm_0040.jpg,accepted,,1024,576,137.42,1340.23
Stockholm,stockholm_0041.jpg,accepted,,1024,768,130.97,926.71
Stockholm,stockholm_0042.jpg,accepted,,1023,461,138.73,2723.03
Stockholm,stockholm_0043.jpg,accepted,,1024,576,95.60,1129.63
Stockholm,stockholm_0044.jpg,accepted,,1024,576,95.96,593.07
Stockholm,stockholm_0045.jpg,accepted,,1024,768,105.59,1477.79
Stockholm,stockholm_0046.jpg,accepted,,1024,768,91.08,616.10
Stockholm,stockholm_0047.jpg,accepted,,1024,768,124.43,1662.44
Stockholm,stockholm_0048.jpg,accepted,,1024,768,112.32,1587.50
Stockholm,stockholm_0049.jpg,accepted,,1024,576,130.34,2357.86
Stockholm,stockholm_0050.jpg,accepted,,1024,768,144.26,848.06
Stockholm,stockholm_0051.jpg,accepted,,1024,768,80.46,745.12
Stockholm,stockholm_0052.jpg,accepted,,1024,768,93.37,264.12
Stockholm,stockholm_0053.jpg,accepted,,1024,768,99.67,1364.04
Stockholm,stockholm_0054.jpg,accepted,,1024,768,108.59,1504.48
Stockholm,stockholm_0055.jpg,accepted,,1024,768,126.22,443.17
Stockholm,stockholm_0056.jpg,accepted,,1024,768,89.46,901.54
Stockholm,stockholm_0057.jpg,accepted,,1024,768,82.38,1243.16
Stockholm,stockholm_0058.jpg,accepted,,1024,768,138.12,2639.85
Stockholm,stockholm_0059.jpg,accepted,,1024,768,101.91,309.79
Stockholm,stockholm_0060.jpg,accepted,,1024,768,144.34,1487.02
Stockholm,stockholm_0061.jpg,accepted,,1024,768,124.09,1988.82
Stockholm,stockholm_0062.jpg,accepted,,1024,577,95.75,474.70
Stockholm,stockholm_0063.jpg,accepted,,1024,768,113.97,718.79
Stockholm,stockholm_0064.jpg,accepted,,1024,576,86.68,714.23
Stockholm,stockholm_0065.jpg,accepted,,1024,768,97.94,555.42
Stockholm,stockholm_0066.jpg,accepted,,1024,768,125.84,1836.77
Stockholm,stockholm_0067.jpg,accepted,,1024,768,121.68,886.62
Stockholm,stockholm_0068.jpg,accepted,,1024,576,107.19,1476.56
Stockholm,stockholm_0069.jpg,accepted,,1024,768,108.62,334.00
Stockholm,stockholm_0070.jpg,accepted,,1024,768,133.85,837.98
Stockholm,stockholm_0071.jpg,accepted,,1024,768,101.95,929.79
Stockholm,stockholm_0072.jpg,accepted,,1024,768,92.87,1265.66
Stockholm,stockholm_0073.jpg,accepted,,1024,768,114.07,1213.93
Stockholm,stockholm_0074.jpg,accepted,,1024,768,113.80,450.73
Stockholm,stockholm_0075.jpg,accepted,,1024,768,123.07,836.03
Stockholm,stockholm_0076.jpg,accepted,,1024,768,120.73,1650.49
Stockholm,stockholm_0077.jpg,accepted,,1024,576,118.02,705.83
Stockholm,stockholm_0078.jpg,accepted,,1024,576,84.06,1403.42
Stockholm,stockholm_0079.jpg,accepted,,1024,768,134.17,1833.30
Stockholm,stockholm_0080.jpg,accepted,,1024,768,117.86,1056.39
Stockholm,stockholm_0081.jpg,accepted,,1024,768,142.74,375.61
Stockholm,stockholm_0082.jpg,accepted,,1024,768,121.19,1592.55
Stockholm,stockholm_0083.jpg,accepted,,1024,768,85.61,544.50
Stockholm,stockholm_0084.jpg,accepted,,1024,576,119.63,1153.94
Stockholm,stockholm_0085.jpg,accepted,,1024,768,100.38,1952.03
Stockholm,stockholm_0086.jpg,accepted,,1024,768,130.08,1059.03
Stockholm,stockholm_0087.jpg,accepted,,1024,768,104.28,780.93
Stockholm,stockholm_0088.jpg,accepted,,1024,768,126.74,556.27
Stockholm,stockholm_0089.jpg,accepted,,1024,768,106.74,1677.10
Stockholm,stockholm_0090.jpg,accepted,,1024,768,136.02,1730.01
Stockholm,stockholm_0091.jpg,accepted,,1024,576,106.24,885.46
Stockholm,stockholm_0092.jpg,accepted,,1024,768,78.93,359.15
Stockholm,stockholm_0093.jpg,accepted,,1024,768,121.39,1672.39
Stockholm,stockholm_0094.jpg,accepted,,1024,768,117.41,3053.82
Stockholm,stockholm_0095.jpg,accepted,,1024,768,147.34,1135.65
Stockholm,stockholm_0096.jpg,accepted,,1024,576,95.14,1100.94
Stockholm,stockholm_0097.jpg,accepted,,1024,768,145.47,284.36
Stockholm,stockholm_0098.jpg,review,possible_blur,1024,768,55.50,16.00
Stockholm,stockholm_0099.jpg,accepted,,1024,576,87.00,574.62
Stockholm,stockholm_0100.jpg,accepted,,1024,768,111.54,1880.40
Stockholm,stockholm_0101.jpg,accepted,,1024,768,87.00,437.06
Stockholm,stockholm_0102.jpg,accepted,,1024,768,110.52,1550.79
Stockholm,stockholm_0103.jpg,accepted,,1024,768,132.45,1004.05
Stockholm,stockholm_0104.jpg,accepted,,1024,768,87.79,457.56
Stockholm,stockholm_0105.jpg,accepted,,1024,768,129.13,4240.96
Stockholm,stockholm_0106.jpg,accepted,,1024,768,98.29,1001.41
Stockholm,stockholm_0107.jpg,accepted,,1024,768,105.76,5602.68
Stockholm,stockholm_0108.jpg,accepted,,1024,768,103.85,1057.15
Stockholm,stockholm_0109.jpg,accepted,,1024,768,135.21,375.25
Stockholm,stockholm_0110.jpg,accepted,,1024,768,134.66,1330.32
Stockholm,stockholm_0111.jpg,accepted,,1024,768,128.35,621.43
Stockholm,stockholm_0112.jpg,accepted,,1024,768,140.00,2031.13
Stockholm,stockholm_0113.jpg,accepted,,1024,768,100.91,1869.53
Stockholm,stockholm_0114.jpg,accepted,,1024,768,83.96,462.33
Stockholm,stockholm_0115.jpg,accepted,,1024,768,103.01,2643.19
Stockholm,stockholm_0116.jpg,accepted,,1024,768,102.05,973.58
Stockholm,stockholm_0117.jpg,accepted,,1024,576,74.51,1793.33
Stockholm,stockholm_0118.jpg,accepted,,1024,768,128.21,296.34
Stockholm,stockholm_0119.jpg,accepted,,1024,768,130.11,412.00
Stockholm,stockholm_0120.jpg,accepted,,1024,768,104.84,1098.44
Stockholm,stockholm_0121.jpg,accepted,,1024,768,98.91,892.30
Stockholm,stockholm_0122.jpg,accepted,,1024,768,117.79,1090.46
Stockholm,stockholm_0123.jpg,accepted,,1024,768,148.24,1323.01
Stockholm,stockholm_0124.jpg,accepted,,1024,576,112.63,870.47
Stockholm,stockholm_0125.jpg,accepted,,1024,576,83.66,1308.86
Stockholm,stockholm_0126.jpg,accepted,,1024,768,85.20,361.98
Stockholm,stockholm_0127.jpg,accepted,,1024,768,133.11,203.96
Stockholm,stockholm_0128.jpg,accepted,,1024,768,128.02,992.29
Stockholm,stockholm_0129.jpg,accepted,,1024,576,91.47,1491.98
Stockholm,stockholm_0130.jpg,accepted,,1024,768,117.17,2156.26
Stockholm,stockholm_0131.jpg,accepted,,1024,768,132.44,749.86
Stockholm,stockholm_0132.jpg,accepted,,1024,576,114.31,960.04
Stockholm,stockholm_0133.jpg,accepted,,1024,768,102.56,389.96
Stockholm,stockholm_0134.jpg,accepted,,1024,768,82.79,813.56
Stockholm,stockholm_0135.jpg,accepted,,1024,768,144.83,551.22
Stockholm,stockholm_0136.jpg,accepted,,1024,768,100.91,376.46
Stockholm,stockholm_0137.jpg,accepted,,1024,768,79.21,679.29
Stockholm,stockholm_0138.jpg,accepted,,1024,768,142.99,132.05
Stockholm,stockholm_0139.jpg,accepted,,1024,576,96.67,737.77
Stockholm,stockholm_0140.jpg,accepted,,1024,768,140.95,760.00
Stockholm,stockholm_0141.jpg,accepted,,1024,768,144.05,2112.98
Stockholm,stockholm_0142.jpg,accepted,,1024,768,113.02,317.72
Stockholm,stockholm_0143.jpg,accepted,,1024,768,107.68,2474.22
Stockholm,stockholm_0144.jpg,accepted,,1024,576,136.15,425.44
Stockholm,stockholm_0145.jpg,accepted,,1024,768,127.27,549.03
Stockholm,stockholm_0146.jpg,accepted,,1024,768,64.89,81.71
Stockholm,stockholm_0147.jpg,accepted,,1024,768,90.21,409.47
Stockholm,stockholm_0148.jpg,accepted,,1024,768,118.59,1128.16
Stockholm,stockholm_0149.jpg,accepted,,576,768,119.99,1596.01
Stockholm,stockholm_0150.jpg,accepted,,1024,768,112.93,1325.59
Stockholm,stockholm_0151.jpg,accepted,,1024,768,144.58,441.64
Stockholm,stockholm_0152.jpg,accepted,,1024,768,96.82,604.42
Stockholm,stockholm_0153.jpg,accepted,,1024,768,75.90,746.56
Stockholm,stockholm_0154.jpg,accepted,,1024,576,52.98,361.45
Stockholm,stockholm_0155.jpg,accepted,,1024,768,129.97,1220.81
Stockholm,stockholm_0156.jpg,accepted,,1024,768,112.33,2185.92
Stockholm,stockholm_0157.jpg,accepted,,1024,768,130.85,1481.90
Stockholm,stockholm_0158.jpg,accepted,,1024,768,75.41,156.23
Stockholm,stockholm_0159.jpg,accepted,,1024,768,108.10,1090.61
Stockholm,stockholm_0160.jpg,accepted,,1024,768,97.79,741.85
Stockholm,stockholm_0161.jpg,accepted,,1024,768,137.86,2233.60
Stockholm,stockholm_0162.jpg,accepted,,1024,576,93.13,453.02
Stockholm,stockholm_0163.jpg,accepted,,1024,576,105.85,1588.91
Stockholm,stockholm_0164.jpg,accepted,,1024,768,128.87,510.60
Stockholm,stockholm_0165.jpg,accepted,,1024,768,104.11,1079.26
Stockholm,stockholm_0166.jpg,accepted,,1024,768,106.85,143.15
Stockholm,stockholm_0167.jpg,accepted,,1024,576,123.68,990.20
Stockholm,stockholm_0168.jpg,accepted,,1024,768,117.32,231.24
Stockholm,stockholm_0169.jpg,accepted,,1024,768,107.14,204.25
Stockholm,stockholm_0170.jpg,accepted,,1024,576,68.08,739.16
Stockholm,stockholm_0171.jpg,accepted,,1024,768,101.52,693.45
Stockholm,stockholm_0172.jpg,accepted,,1024,576,112.78,1020.33
Stockholm,stockholm_0173.jpg,accepted,,1024,768,129.81,664.45
Stockholm,stockholm_0174.jpg,accepted,,1024,768,96.88,1058.38
Stockholm,stockholm_0175.jpg,accepted,,1024,768,134.69,877.88
Stockholm,stockholm_0176.jpg,accepted,,1024,768,125.09,1362.21
Stockholm,stockholm_0177.jpg,accepted,,1024,768,116.58,755.55
Stockholm,stockholm_0178.jpg,accepted,,1024,768,127.77,720.38
Stockholm,stockholm_0179.jpg,accepted,,1024,768,86.01,1273.03
Stockholm,stockholm_0180.jpg,accepted,,1024,768,126.02,713.12
Stockholm,stockholm_0181.jpg,accepted,,1024,768,122.02,843.62
Stockholm,stockholm_0182.jpg,accepted,,1024,576,112.28,1509.02
Stockholm,stockholm_0183.jpg,accepted,,1024,576,91.16,1002.85
Stockholm,stockholm_0184.jpg,accepted,,1024,768,134.74,275.04
Stockholm,stockholm_0185.jpg,accepted,,1024,768,123.80,589.71
Stockholm,stockholm_0186.jpg,accepted,,1024,768,116.24,448.72
Stockholm,stockholm_0187.jpg,accepted,,1024,768,98.57,535.52
Stockholm,stockholm_0188.jpg,accepted,,1024,576,117.74,2563.32
Stockholm,stockholm_0189.jpg,accepted,,1024,768,72.43,731.54
Stockholm,stockholm_0190.jpg,accepted,,1024,768,96.25,549.60
Stockholm,stockholm_0191.jpg,accepted,,1024,576,105.00,1462.99
Stockholm,stockholm_0192.jpg,accepted,,1024,768,110.82,898.04
Stockholm,stockholm_0193.jpg,accepted,,1024,768,115.23,1396.88
Stockholm,stockholm_0194.jpg,accepted,,1024,768,118.29,1768.75
Stockholm,stockholm_0195.jpg,accepted,,1024,768,107.86,1277.55
Stockholm,stockholm_0196.jpg,review,possible_near_duplicate_of:stockholm_0169.jpg,1024,768,100.45,181.10
Stockholm,stockholm_0197.jpg,accepted,,1024,768,137.65,689.84
Stockholm,stockholm_0198.jpg,accepted,,1024,768,73.48,3524.94
Stockholm,stockholm_0199.jpg,accepted,,1024,768,112.87,1211.93
Stockholm,stockholm_0200.jpg,accepted,,1024,768,144.29,390.92
Stockholm,stockholm_0201.jpg,accepted,,1024,768,117.91,1006.97
Stockholm,stockholm_0202.jpg,accepted,,1024,768,88.92,214.58
Stockholm,stockholm_0203.jpg,accepted,,1024,768,103.52,558.50
Stockholm,stockholm_0204.jpg,accepted,,1024,576,107.74,814.82
Stockholm,stockholm_0205.jpg,accepted,,1024,768,116.86,119.60
Stockholm,stockholm_0206.jpg,accepted,,1024,768,92.66,526.25
Stockholm,stockholm_0207.jpg,accepted,,1024,768,87.45,634.76
Stockholm,stockholm_0208.jpg,accepted,,1024,768,135.67,3928.46
Stockholm,stockholm_0209.jpg,accepted,,1024,768,128.98,741.46
Stockholm,stockholm_0210.jpg,accepted,,1024,576,117.28,646.48
Stockholm,stockholm_0211.jpg,accepted,,1024,768,119.04,97.10
Stockholm,stockholm_0212.jpg,accepted,,1024,576,113.85,1280.53
Stockholm,stockholm_0213.jpg,accepted,,1024,576,82.90,744.21
Stockholm,stockholm_0214.jpg,accepted,,1024,576,56.12,593.72
Stockholm,stockholm_0215.jpg,accepted,,1024,768,116.25,695.54
Stockholm,stockholm_0216.jpg,accepted,,1024,768,103.20,2464.78
Stockholm,stockholm_0217.jpg,accepted,,1024,576,107.15,1603.10
Stockholm,stockholm_0218.jpg,accepted,,1024,768,129.40,1575.78
Stockholm,stockholm_0219.jpg,accepted,,1024,576,135.81,795.98
Stockholm,stockholm_0220.jpg,accepted,,1024,768,98.70,702.93
Stockholm,stockholm_0221.jpg,accepted,,1024,768,108.39,1164.93
Stockholm,stockholm_0222.jpg,accepted,,1024,576,106.81,580.29
Stockholm,stockholm_0223.jpg,review,possible_near_duplicate_of:stockholm_0146.jpg,1024,768,64.87,224.23
Stockholm,stockholm_0224.jpg,accepted,,1024,768,126.81,882.51
Stockholm,stockholm_0225.jpg,accepted,,1024,768,114.21,1229.57
Stockholm,stockholm_0226.jpg,accepted,,1024,768,120.75,1057.87
Stockholm,stockholm_0227.jpg,accepted,,1024,576,84.72,1035.66
Stockholm,stockholm_0228.jpg,accepted,,1024,768,102.54,2082.55
Stockholm,stockholm_0229.jpg,accepted,,1024,768,143.04,1347.10
Stockholm,stockholm_0230.jpg,accepted,,1024,576,82.31,1568.02
Stockholm,stockholm_0231.jpg,accepted,,1024,768,86.63,806.06
Stockholm,stockholm_0232.jpg,accepted,,1024,1024,133.77,1646.83
Stockholm,stockholm_0233.jpg,accepted,,1024,768,120.36,1293.15
Stockholm,stockholm_0234.jpg,accepted,,1024,768,131.70,930.94
Stockholm,stockholm_0235.jpg,accepted,,1024,768,131.65,1129.98
Stockholm,stockholm_0236.jpg,accepted,,1024,768,148.89,1090.77
Stockholm,stockholm_0237.jpg,accepted,,1024,768,104.96,1353.80
Stockholm,stockholm_0238.jpg,accepted,,1024,768,113.34,1217.53
Stockholm,stockholm_0239.jpg,accepted,,1024,576,96.40,709.75
Stockholm,stockholm_0240.jpg,accepted,,1024,768,104.30,181.91
Stockholm,stockholm_0241.jpg,accepted,,1024,768,118.11,1084.58
Stockholm,stockholm_0242.jpg,accepted,,1024,768,106.02,1941.30
Stockholm,stockholm_0243.jpg,accepted,,1024,576,104.60,1503.28
Stockholm,stockholm_0244.jpg,accepted,,1024,768,98.39,1201.92
Stockholm,stockholm_0245.jpg,accepted,,1024,576,88.37,862.69
Stockholm,stockholm_0246.jpg,accepted,,1024,768,103.40,3286.05
Stockholm,stockholm_0247.jpg,accepted,,1024,768,93.15,1058.46
Stockholm,stockholm_0248.jpg,accepted,,1024,768,78.14,234.30
Stockholm,stockholm_0249.jpg,accepted,,1024,768,117.91,448.64
Stockholm,stockholm_0250.jpg,accepted,,1024,576,76.54,423.26
Stockholm,stockholm_0251.jpg,accepted,,1024,576,100.73,1535.25
Stockholm,stockholm_0252.jpg,accepted,,1024,768,65.53,1758.66
Stockholm,stockholm_0253.jpg,accepted,,1024,768,112.47,2147.85
Stockholm,stockholm_0254.jpg,accepted,,1024,576,81.33,1080.63
Stockholm,stockholm_0255.jpg,accepted,,1024,768,126.63,306.28
Stockholm,stockholm_0256.jpg,accepted,,1024,576,112.34,677.52
Stockholm,stockholm_0257.jpg,accepted,,1024,576,100.45,1385.58
Stockholm,stockholm_0258.jpg,accepted,,1024,768,132.07,474.96
Stockholm,stockholm_0259.jpg,accepted,,1024,768,114.24,3611.40
Stockholm,stockholm_0260.jpg,accepted,,1024,768,137.28,705.01
Stockholm,stockholm_0261.jpg,accepted,,1024,768,78.00,602.02
Stockholm,stockholm_0262.jpg,accepted,,1024,768,125.22,1533.32
Stockholm,stockholm_0263.jpg,accepted,,1024,576,83.45,691.43
Stockholm,stockholm_0264.jpg,accepted,,1024,768,109.30,1262.71
Stockholm,stockholm_0265.jpg,accepted,,1024,576,103.57,970.10
Stockholm,stockholm_0266.jpg,accepted,,1024,576,120.43,555.88
Stockholm,stockholm_0267.jpg,accepted,,1024,768,126.13,634.04
Stockholm,stockholm_0268.jpg,accepted,,1024,768,115.52,928.78
Stockholm,stockholm_0269.jpg,accepted,,1024,357,134.02,1745.34
Stockholm,stockholm_0270.jpg,accepted,,1024,768,117.49,789.70
Stockholm,stockholm_0271.jpg,accepted,,1024,576,100.41,1237.14
Stockholm,stockholm_0272.jpg,accepted,,1024,768,113.06,1250.33
Stockholm,stockholm_0273.jpg,accepted,,1024,768,150.68,945.12
Stockholm,stockholm_0274.jpg,accepted,,1024,768,128.90,1930.60
Stockholm,stockholm_0275.jpg,accepted,,1024,768,117.04,993.39
Stockholm,stockholm_0276.jpg,accepted,,1024,576,39.29,158.54
Stockholm,stockholm_0277.jpg,accepted,,1024,768,119.11,431.25
Stockholm,stockholm_0278.jpg,accepted,,1024,768,102.58,1209.02
Stockholm,stockholm_0279.jpg,accepted,,1024,768,98.39,220.51
Stockholm,stockholm_0280.jpg,accepted,,1024,576,105.04,1284.96
Stockholm,stockholm_0281.jpg,accepted,,1024,768,116.64,2335.55
Stockholm,stockholm_0282.jpg,accepted,,1024,768,127.35,742.91
Stockholm,stockholm_0283.jpg,accepted,,1024,576,87.26,603.11
Stockholm,stockholm_0284.jpg,accepted,,1024,768,74.76,1913.73
Stockholm,stockholm_0285.jpg,accepted,,1024,768,124.44,2387.31
Stockholm,stockholm_0286.jpg,accepted,,1024,768,84.66,634.99
Stockholm,stockholm_0287.jpg,accepted,,1024,576,73.74,826.17
Stockholm,stockholm_0288.jpg,accepted,,1024,576,111.02,1402.67
Stockholm,stockholm_0289.jpg,accepted,,1024,768,126.53,409.31
Stockholm,stockholm_0290.jpg,accepted,,1024,768,121.87,1139.94
Stockholm,stockholm_0291.jpg,accepted,,1024,768,132.10,1051.97
Stockholm,stockholm_0292.jpg,accepted,,1024,768,72.43,205.05
Stockholm,stockholm_0293.jpg,accepted,,1024,768,104.79,3452.84
Stockholm,stockholm_0294.jpg,accepted,,1024,768,97.42,1437.45
Stockholm,stockholm_0295.jpg,accepted,,1024,768,83.97,2144.83
Stockholm,stockholm_0296.jpg,accepted,,1024,768,98.88,1516.07
Stockholm,stockholm_0297.jpg,accepted,,1024,768,130.42,1034.18
Stockholm,stockholm_0298.jpg,accepted,,1024,768,130.44,660.95
Stockholm,stockholm_0299.jpg,accepted,,1024,576,98.99,957.67
Stockholm,stockholm_0300.jpg,accepted,,1024,576,92.69,1235.47
Stockholm,stockholm_0301.jpg,accepted,,1024,768,98.50,254.88
Stockholm,stockholm_0302.jpg,accepted,,1024,768,100.87,627.50
Stockholm,stockholm_0303.jpg,accepted,,1024,768,151.18,2178.61
Stockholm,stockholm_0304.jpg,accepted,,1024,576,126.42,832.99
Stockholm,stockholm_0305.jpg,accepted,,1024,768,107.30,1591.60
Stockholm,stockholm_0306.jpg,accepted,,1024,768,86.67,187.02
Stockholm,stockholm_0307.jpg,accepted,,1024,768,85.74,1662.51
Stockholm,stockholm_0308.jpg,accepted,,1024,768,92.17,1706.37
Stockholm,stockholm_0309.jpg,accepted,,1024,576,83.91,229.85
Stockholm,stockholm_0310.jpg,accepted,,1024,768,119.99,602.26
Stockholm,stockholm_0311.jpg,accepted,,1024,768,120.66,435.23
Stockholm,stockholm_0312.jpg,accepted,,1024,768,122.21,389.18
Stockholm,stockholm_0313.jpg,accepted,,1024,768,113.24,999.66
Stockholm,stockholm_0314.jpg,accepted,,1024,768,100.35,983.31
Stockholm,stockholm_0315.jpg,accepted,,1024,576,87.35,1414.87
Stockholm,stockholm_0316.jpg,accepted,,1024,576,100.89,624.41
Stockholm,stockholm_0317.jpg,accepted,,1024,768,111.40,1179.61
Stockholm,stockholm_0318.jpg,accepted,,1024,576,124.75,74.84
Stockholm,stockholm_0319.jpg,accepted,,1024,768,132.58,381.70
Stockholm,stockholm_0320.jpg,accepted,,1024,576,113.58,1055.36
Stockholm,stockholm_0321.jpg,accepted,,1024,768,114.98,924.82
Stockholm,stockholm_0322.jpg,accepted,,1024,768,119.93,94.62
Stockholm,stockholm_0323.jpg,accepted,,1024,768,115.57,201.73
Stockholm,stockholm_0324.jpg,accepted,,1024,768,128.45,966.66
Stockholm,stockholm_0325.jpg,accepted,,1024,768,66.53,1207.21
Stockholm,stockholm_0326.jpg,accepted,,1024,768,124.13,1558.20
Stockholm,stockholm_0327.jpg,accepted,,1024,768,148.77,859.62
Stockholm,stockholm_0328.jpg,accepted,,1024,768,123.73,456.24
Stockholm,stockholm_0329.jpg,accepted,,1024,768,130.17,444.77
Stockholm,stockholm_0330.jpg,accepted,,1024,768,117.25,1017.32
Stockholm,stockholm_0331.jpg,accepted,,1024,576,88.84,436.20
Stockholm,stockholm_0332.jpg,accepted,,1024,576,85.44,1325.73
Stockholm,stockholm_0333.jpg,accepted,,1024,768,123.59,699.81
Stockholm,stockholm_0334.jpg,accepted,,1024,768,145.76,618.57
Stockholm,stockholm_0335.jpg,accepted,,1024,576,106.29,935.86
Stockholm,stockholm_0336.jpg,accepted,,1024,768,84.04,2008.04
Stockholm,stockholm_0337.jpg,accepted,,1024,768,92.57,395.67
Stockholm,stockholm_0338.jpg,accepted,,1024,768,115.06,3266.21
Stockholm,stockholm_0339.jpg,accepted,,1024,576,101.35,1202.92
Stockholm,stockholm_0340.jpg,accepted,,1024,768,117.62,1495.50
Stockholm,stockholm_0341.jpg,accepted,,1024,768,98.46,3260.35
Stockholm,stockholm_0342.jpg,accepted,,1024,768,136.73,2781.86
Stockholm,stockholm_0343.jpg,accepted,,1024,768,136.44,1297.84
Stockholm,stockholm_0344.jpg,accepted,,1024,768,125.38,739.45
Stockholm,stockholm_0345.jpg,accepted,,1024,576,69.28,877.69
Stockholm,stockholm_0346.jpg,accepted,,1024,768,136.56,401.06
Stockholm,stockholm_0347.jpg,accepted,,1024,768,107.30,1581.09
Stockholm,stockholm_0348.jpg,accepted,,1024,768,129.63,591.01
Stockholm,stockholm_0349.jpg,accepted,,1024,768,113.18,2544.07
Stockholm,stockholm_0350.jpg,accepted,,1024,768,119.59,95.37
Stockholm,stockholm_0351.jpg,accepted,,1024,768,130.68,2279.07
Vienna,vienna_0001.jpg,accepted,,1024,576,58.68,835.53
Vienna,vienna_0002.jpg,accepted,,1024,768,137.48,363.02
Vienna,vienna_0003.jpg,accepted,,575,768,83.01,935.03
Vienna,vienna_0004.jpg,accepted,,1024,576,142.37,630.68
Vienna,vienna_0005.jpg,accepted,,575,768,88.27,453.06
Vienna,vienna_0006.jpg,accepted,,1023,764,118.82,882.78
Vienna,vienna_0007.jpg,accepted,,1024,768,145.72,1100.02
Vienna,vienna_0008.jpg,accepted,,1024,1024,64.88,141.63
Vienna,vienna_0009.jpg,accepted,,1024,1024,59.86,287.90
Vienna,vienna_0010.jpg,accepted,,1024,1024,96.27,555.38
Vienna,vienna_0011.jpg,accepted,,1024,1024,151.53,758.38
Vienna,vienna_0012.jpg,accepted,,1024,768,110.93,121.65
Vienna,vienna_0013.jpg,accepted,,1024,1024,45.21,250.80
Vienna,vienna_0014.jpg,accepted,,1023,764,105.04,934.71
Vienna,vienna_0015.jpg,accepted,,1024,768,138.84,422.12
Vienna,vienna_0016.jpg,accepted,,1024,768,129.26,604.09
Vienna,vienna_0017.jpg,accepted,,1024,1024,98.66,430.00
Vienna,vienna_0018.jpg,accepted,,1023,472,112.85,678.77
Vienna,vienna_0019.jpg,accepted,,1024,1024,75.43,349.28
Vienna,vienna_0020.jpg,accepted,,1024,1024,101.98,1190.49
Vienna,vienna_0021.jpg,accepted,,1024,1024,141.22,961.52
Vienna,vienna_0022.jpg,accepted,,1024,768,128.43,704.03
Vienna,vienna_0023.jpg,accepted,,1024,1024,86.26,572.29
Vienna,vienna_0024.jpg,accepted,,1024,1024,82.94,821.79
Vienna,vienna_0025.jpg,accepted,,1024,768,107.87,1718.82
Vienna,vienna_0026.jpg,accepted,,1024,1024,74.00,1438.19
Vienna,vienna_0027.jpg,accepted,,1024,768,123.87,882.31
Vienna,vienna_0028.jpg,review,possible_blur,1024,1024,35.10,10.76
Vienna,vienna_0029.jpg,accepted,,1023,764,89.52,599.14
Vienna,vienna_0030.jpg,accepted,,1024,1024,97.67,279.05
Vienna,vienna_0031.jpg,accepted,,1024,1024,67.29,545.10
Vienna,vienna_0032.jpg,accepted,,1024,1024,74.93,209.48
Vienna,vienna_0033.jpg,accepted,,1024,768,101.83,1278.95
Vienna,vienna_0034.jpg,accepted,,1024,768,116.98,2165.61
Vienna,vienna_0035.jpg,accepted,,1024,768,93.57,1004.35
Vienna,vienna_0036.jpg,accepted,,1024,655,98.23,808.55
Vienna,vienna_0037.jpg,accepted,,1024,1024,117.48,1023.80
Vienna,vienna_0038.jpg,accepted,,1024,1024,82.92,729.97
Vienna,vienna_0039.jpg,accepted,,1024,1024,104.80,741.30
Vienna,vienna_0040.jpg,accepted,,1024,768,122.70,857.42
Vienna,vienna_0041.jpg,accepted,,1023,647,95.60,722.46
Vienna,vienna_0042.jpg,accepted,,1024,1024,184.37,651.66
Vienna,vienna_0043.jpg,accepted,,1024,1024,61.54,234.98
Vienna,vienna_0044.jpg,review,possible_blur,1024,768,169.12,34.81
Vienna,vienna_0045.jpg,accepted,,1024,1024,82.88,574.00
Vienna,vienna_0046.jpg,accepted,,1024,1024,114.50,955.56
Vienna,vienna_0047.jpg,accepted,,575,768,68.85,43.88
Vienna,vienna_0048.jpg,accepted,,1024,768,105.80,1170.42
Vienna,vienna_0049.jpg,accepted,,1024,1024,77.05,118.11
Vienna,vienna_0050.jpg,accepted,,1024,1024,106.19,1036.59
Vienna,vienna_0051.jpg,accepted,,1024,768,96.54,804.33
Vienna,vienna_0052.jpg,accepted,,1024,1024,153.97,803.56
Vienna,vienna_0053.jpg,accepted,,1024,1024,91.82,594.58
Vienna,vienna_0054.jpg,accepted,,1024,655,112.94,1036.96
Vienna,vienna_0055.jpg,accepted,,1024,1024,72.37,1070.34
Vienna,vienna_0056.jpg,accepted,,1024,1024,62.89,419.98
Vienna,vienna_0057.jpg,accepted,,1024,1024,100.79,704.97
Vienna,vienna_0058.jpg,accepted,,1024,576,82.25,377.75
Vienna,vienna_0059.jpg,accepted,,1024,1024,81.11,429.85
Vienna,vienna_0060.jpg,accepted,,1024,1024,102.07,558.67
Vienna,vienna_0061.jpg,accepted,,1024,1024,111.26,808.78
Vienna,vienna_0062.jpg,accepted,,1024,1024,79.18,282.22
Vienna,vienna_0063.jpg,accepted,,1023,764,89.43,1013.10
Vienna,vienna_0064.jpg,accepted,,1024,768,127.81,418.83
Vienna,vienna_0065.jpg,accepted,,1024,1024,93.96,126.15
Vienna,vienna_0066.jpg,accepted,,1024,768,126.37,759.08
Vienna,vienna_0067.jpg,accepted,,1024,768,86.06,2312.67
Vienna,vienna_0068.jpg,accepted,,1024,1024,79.11,583.47
Vienna,vienna_0069.jpg,accepted,,1023,772,127.00,830.21
Vienna,vienna_0070.jpg,accepted,,575,768,98.60,262.48
Vienna,vienna_0071.jpg,accepted,,1024,1024,101.54,658.64
Vienna,vienna_0072.jpg,accepted,,1024,1024,148.42,1073.94
Vienna,vienna_0073.jpg,accepted,,1024,1024,84.09,590.25
Vienna,vienna_0074.jpg,accepted,,1024,1024,108.71,1340.85
Vienna,vienna_0075.jpg,accepted,,1024,1024,122.43,53.71
Vienna,vienna_0076.jpg,accepted,,1024,896,82.68,187.58
Vienna,vienna_0077.jpg,accepted,,1024,1024,144.95,1371.70
Vienna,vienna_0078.jpg,accepted,,1024,896,85.50,239.99
Vienna,vienna_0079.jpg,accepted,,1024,768,136.86,210.64
Vienna,vienna_0080.jpg,accepted,,1024,1024,115.61,765.06
Vienna,vienna_0081.jpg,accepted,,1024,1024,136.19,669.35
Vienna,vienna_0082.jpg,accepted,,1024,1024,113.19,304.03
Vienna,vienna_0083.jpg,accepted,,1024,768,106.93,693.58
Vienna,vienna_0084.jpg,accepted,,1023,776,95.10,340.91
Vienna,vienna_0085.jpg,accepted,,1024,768,125.56,169.20
Vienna,vienna_0086.jpg,accepted,,1024,1024,117.24,299.87
Vienna,vienna_0087.jpg,accepted,,1024,1024,75.00,400.85
Vienna,vienna_0088.jpg,accepted,,1024,1024,121.25,716.21
Vienna,vienna_0089.jpg,accepted,,575,768,98.92,424.11
Vienna,vienna_0090.jpg,accepted,,1024,768,108.88,1356.62
Vienna,vienna_0091.jpg,accepted,,1024,1024,93.93,616.98
Vienna,vienna_0092.jpg,accepted,,1024,1024,142.77,652.07
Vienna,vienna_0093.jpg,accepted,,1024,1024,94.09,1280.11
Vienna,vienna_0094.jpg,accepted,,1024,1024,70.19,55.82
Vienna,vienna_0095.jpg,accepted,,1024,1024,115.01,1149.04
Vienna,vienna_0096.jpg,accepted,,1024,1024,65.01,789.45
Vienna,vienna_0097.jpg,accepted,,1024,768,147.93,1405.83
Vienna,vienna_0098.jpg,accepted,,1024,768,133.10,1659.50
Vienna,vienna_0099.jpg,accepted,,1024,655,101.24,1824.94
Vienna,vienna_0100.jpg,accepted,,1024,1024,170.83,373.74
Vienna,vienna_0101.jpg,accepted,,1024,768,123.02,315.81
Vienna,vienna_0102.jpg,accepted,,1024,768,93.65,1540.55
Vienna,vienna_0103.jpg,accepted,,1024,1024,136.89,1101.25
Vienna,vienna_0104.jpg,accepted,,1023,764,89.48,876.95
Vienna,vienna_0105.jpg,accepted,,1024,768,102.97,2012.12
Vienna,vienna_0106.jpg,accepted,,1024,1024,151.69,1231.33
Vienna,vienna_0107.jpg,accepted,,1024,896,81.45,420.79
Vienna,vienna_0108.jpg,accepted,,1024,1024,87.22,331.06
Vienna,vienna_0109.jpg,accepted,,1024,768,89.46,853.63
Vienna,vienna_0110.jpg,accepted,,1024,1024,111.89,983.17
Vienna,vienna_0111.jpg,accepted,,1024,768,107.01,783.85
Vienna,vienna_0112.jpg,accepted,,1023,647,91.38,562.00
Vienna,vienna_0113.jpg,accepted,,575,768,95.18,849.81
Vienna,vienna_0114.jpg,accepted,,1024,768,109.76,863.14
Vienna,vienna_0115.jpg,accepted,,1024,1024,120.77,809.40
Vienna,vienna_0116.jpg,accepted,,1024,1024,132.98,1100.45
Vienna,vienna_0117.jpg,accepted,,1024,1024,143.15,891.37
Vienna,vienna_0118.jpg,accepted,,1024,768,104.02,925.52
Vienna,vienna_0119.jpg,accepted,,1024,1024,99.37,363.56
Vienna,vienna_0120.jpg,accepted,,1023,647,123.13,1691.52
Vienna,vienna_0121.jpg,accepted,,1023,772,101.55,595.99
Vienna,vienna_0122.jpg,accepted,,1024,1024,106.05,766.20
Vienna,vienna_0123.jpg,accepted,,1024,768,104.52,1823.68
Vienna,vienna_0124.jpg,accepted,,1024,768,141.12,1189.85
Vienna,vienna_0125.jpg,accepted,,1024,1024,63.10,1581.93
Vienna,vienna_0126.jpg,accepted,,1024,768,133.24,459.20
Vienna,vienna_0127.jpg,accepted,,1024,1024,91.29,546.96
Vienna,vienna_0128.jpg,accepted,,1024,1024,103.68,970.61
Vienna,vienna_0129.jpg,accepted,,1024,576,127.57,2651.33
Vienna,vienna_0130.jpg,accepted,,1023,629,111.36,71.18
Vienna,vienna_0131.jpg,accepted,,1024,896,105.41,1076.81
Vienna,vienna_0132.jpg,accepted,,1024,655,118.91,172.49
Vienna,vienna_0133.jpg,accepted,,575,768,96.45,576.48
Vienna,vienna_0134.jpg,accepted,,1024,576,104.51,821.63
Vienna,vienna_0135.jpg,accepted,,1024,1024,85.68,878.95
Vienna,vienna_0136.jpg,accepted,,1024,576,108.79,2083.82
Vienna,vienna_0137.jpg,accepted,,1024,1024,93.02,966.22
Vienna,vienna_0138.jpg,accepted,,1024,1024,58.61,396.67
Vienna,vienna_0139.jpg,accepted,,1024,768,106.40,1468.49
Vienna,vienna_0140.jpg,accepted,,1024,768,133.21,308.78
Vienna,vienna_0141.jpg,accepted,,1024,768,145.67,2682.13
Vienna,vienna_0142.jpg,accepted,,1024,1024,129.50,674.14
Vienna,vienna_0143.jpg,accepted,,1024,768,110.65,1634.18
Vienna,vienna_0144.jpg,accepted,,1024,1024,93.04,207.91
Vienna,vienna_0145.jpg,accepted,,1024,768,79.39,1389.38
Vienna,vienna_0146.jpg,accepted,,1024,768,104.76,865.69
Vienna,vienna_0147.jpg,accepted,,1024,1024,141.93,847.51
Vienna,vienna_0148.jpg,accepted,,1024,1024,103.80,1060.91
Vienna,vienna_0149.jpg,accepted,,1024,1024,60.76,663.49
Vienna,vienna_0150.jpg,accepted,,1024,768,84.82,300.07
Vienna,vienna_0151.jpg,accepted,,1024,1024,74.28,1528.22
Vienna,vienna_0152.jpg,accepted,,1024,768,123.48,1096.41
Vienna,vienna_0153.jpg,accepted,,1024,1024,127.94,694.57
Vienna,vienna_0154.jpg,accepted,,1023,629,136.19,682.87
Vienna,vienna_0155.jpg,accepted,,1024,1024,93.62,1833.03
Vienna,vienna_0156.jpg,accepted,,1023,772,94.94,225.46
Vienna,vienna_0157.jpg,accepted,,1024,576,77.31,3298.20
Vienna,vienna_0158.jpg,accepted,,575,768,115.37,434.53
Vienna,vienna_0159.jpg,accepted,,1024,576,143.73,1038.86
Vienna,vienna_0160.jpg,accepted,,1024,896,106.45,938.22
Vienna,vienna_0161.jpg,accepted,,575,768,106.07,1623.13
Vienna,vienna_0162.jpg,accepted,,1024,1024,99.01,1436.21
Vienna,vienna_0163.jpg,accepted,,1024,1024,76.80,1224.67
Vienna,vienna_0164.jpg,accepted,,1024,1024,91.94,1117.08
Vienna,vienna_0165.jpg,accepted,,1024,1024,87.63,419.00
Vienna,vienna_0166.jpg,accepted,,1024,896,80.66,247.34
Vienna,vienna_0167.jpg,accepted,,1024,576,120.28,1136.89
Vienna,vienna_0168.jpg,accepted,,1024,576,123.59,2042.82
Vienna,vienna_0169.jpg,accepted,,1024,576,112.98,3753.91
Vienna,vienna_0170.jpg,accepted,,1024,576,120.35,2472.60
Vienna,vienna_0171.jpg,accepted,,1024,576,86.63,1046.14
Vienna,vienna_0172.jpg,accepted,,1024,1024,78.49,264.19
Vienna,vienna_0173.jpg,accepted,,1024,768,82.26,2326.10
Vienna,vienna_0174.jpg,accepted,,1024,655,87.99,936.44
Vienna,vienna_0175.jpg,accepted,,1024,1024,70.30,137.99
Vienna,vienna_0176.jpg,accepted,,1023,776,91.31,835.29
Vienna,vienna_0177.jpg,accepted,,1024,768,135.51,559.72
Vienna,vienna_0178.jpg,accepted,,1024,768,101.92,1400.00
Vienna,vienna_0179.jpg,accepted,,1024,1024,88.32,2130.98
Vienna,vienna_0180.jpg,accepted,,1024,1024,82.45,483.27
Vienna,vienna_0181.jpg,accepted,,1024,576,110.11,5719.84
Vienna,vienna_0182.jpg,accepted,,1024,1024,79.10,706.87
Vienna,vienna_0183.jpg,accepted,,1024,768,135.13,358.04
Vienna,vienna_0184.jpg,accepted,,1024,768,106.35,946.10
Vienna,vienna_0185.jpg,accepted,,1024,1024,137.45,2274.12
Vienna,vienna_0186.jpg,accepted,,1024,768,96.47,994.39
Vienna,vienna_0187.jpg,accepted,,1024,768,126.90,897.76
Vienna,vienna_0188.jpg,accepted,,1024,576,112.48,1273.88
Vienna,vienna_0189.jpg,accepted,,575,768,117.20,540.63
Vienna,vienna_0190.jpg,accepted,,1024,768,117.53,2168.61
Vienna,vienna_0191.jpg,accepted,,1024,1024,82.44,156.46
Vienna,vienna_0192.jpg,accepted,,1024,1024,135.46,1167.81
Vienna,vienna_0193.jpg,accepted,,1024,1024,114.32,873.73
Vienna,vienna_0194.jpg,accepted,,1024,576,104.09,1144.05
Vienna,vienna_0195.jpg,accepted,,1024,1024,114.79,1092.64
Vienna,vienna_0196.jpg,accepted,,1024,768,102.28,804.64
Vienna,vienna_0197.jpg,accepted,,1024,768,105.36,1114.36
Vienna,vienna_0198.jpg,accepted,,1024,896,99.92,1129.30
Vienna,vienna_0199.jpg,accepted,,1024,1024,70.40,994.72
Vienna,vienna_0200.jpg,accepted,,575,768,134.03,928.53
Vienna,vienna_0201.jpg,accepted,,1024,768,92.69,1042.04
Vienna,vienna_0202.jpg,accepted,,1024,576,146.89,2167.04
Vienna,vienna_0203.jpg,accepted,,1024,1024,89.40,1903.84
Vienna,vienna_0204.jpg,accepted,,1024,1024,94.11,911.76
Vienna,vienna_0205.jpg,accepted,,1024,767,138.13,1068.27
Vienna,vienna_0206.jpg,accepted,,1024,1024,113.24,1160.16
Vienna,vienna_0207.jpg,accepted,,1024,1024,160.56,600.67
Vienna,vienna_0208.jpg,accepted,,1024,1024,82.48,1839.51
Vienna,vienna_0209.jpg,accepted,,1024,1024,149.03,352.49
Vienna,vienna_0210.jpg,accepted,,1024,896,100.25,351.46
Vienna,vienna_0211.jpg,accepted,,1024,768,106.36,1208.65
Vienna,vienna_0212.jpg,accepted,,1024,1024,52.33,1208.36
Vienna,vienna_0213.jpg,accepted,,1024,768,106.02,1764.77
Vienna,vienna_0214.jpg,accepted,,1024,768,98.78,2293.01
Vienna,vienna_0215.jpg,accepted,,1024,1024,145.68,621.69
Vienna,vienna_0216.jpg,accepted,,1024,1024,96.98,1881.13
Vienna,vienna_0217.jpg,accepted,,1024,768,105.22,1104.33
Vienna,vienna_0218.jpg,accepted,,1024,711,111.80,627.80
Vienna,vienna_0219.jpg,accepted,,1024,1024,79.23,1118.16
Vienna,vienna_0220.jpg,accepted,,1024,768,88.44,776.63
Vienna,vienna_0221.jpg,accepted,,1024,768,130.95,2437.55
Vienna,vienna_0222.jpg,accepted,,1024,768,107.46,1232.83
Vienna,vienna_0223.jpg,accepted,,1024,1024,83.31,803.91
Vienna,vienna_0224.jpg,accepted,,1024,768,133.98,513.46
Vienna,vienna_0225.jpg,accepted,,1024,1024,105.14,605.12
Vienna,vienna_0226.jpg,accepted,,1023,764,91.19,285.89
Vienna,vienna_0227.jpg,accepted,,575,768,111.49,877.73
Vienna,vienna_0228.jpg,accepted,,1024,1024,121.74,919.27
Vienna,vienna_0229.jpg,accepted,,1024,576,94.57,589.20
Vienna,vienna_0230.jpg,accepted,,1024,576,99.68,551.91
Vienna,vienna_0231.jpg,accepted,,1024,1024,91.07,1481.46
Vienna,vienna_0232.jpg,accepted,,1024,576,124.98,2915.96
Vienna,vienna_0233.jpg,accepted,,1024,768,110.16,1067.67
Vienna,vienna_0234.jpg,accepted,,1024,576,130.09,816.39
Vienna,vienna_0235.jpg,accepted,,1024,1024,123.04,797.01
Vienna,vienna_0236.jpg,accepted,,1024,655,137.80,1016.69
Vienna,vienna_0237.jpg,accepted,,1024,768,42.50,472.97
Vienna,vienna_0238.jpg,accepted,,1024,1024,81.17,657.05
Vienna,vienna_0239.jpg,accepted,,1023,629,129.17,626.70
Vienna,vienna_0240.jpg,accepted,,1024,1024,147.06,772.66
Vienna,vienna_0241.jpg,accepted,,575,768,121.21,193.79
Vienna,vienna_0242.jpg,accepted,,1024,768,120.55,2015.54
Vienna,vienna_0243.jpg,accepted,,1024,1024,115.32,845.92
Vienna,vienna_0244.jpg,accepted,,1024,1024,147.80,993.40
Vienna,vienna_0245.jpg,accepted,,1024,1024,98.82,714.63
Vienna,vienna_0246.jpg,accepted,,1024,768,127.69,839.22
Vienna,vienna_0247.jpg,accepted,,1024,1024,112.98,716.97
Vienna,vienna_0248.jpg,accepted,,1024,768,129.16,941.10
Vienna,vienna_0249.jpg,accepted,,1000,562,156.50,1560.26
Vienna,vienna_0250.jpg,accepted,,1024,1024,78.01,556.50
Vienna,vienna_0251.jpg,accepted,,1024,1024,121.98,1368.47
Vienna,vienna_0252.jpg,accepted,,1024,768,110.21,763.28
Vienna,vienna_0253.jpg,accepted,,1024,1024,103.49,549.33
Vienna,vienna_0254.jpg,accepted,,576,768,76.16,305.00
Vienna,vienna_0255.jpg,accepted,,1024,896,96.46,1585.57
Vienna,vienna_0256.jpg,accepted,,1024,768,126.05,1423.93
Vienna,vienna_0257.jpg,accepted,,1024,1024,83.86,893.71
Vienna,vienna_0258.jpg,accepted,,1024,768,144.72,2683.12
Vienna,vienna_0259.jpg,accepted,,1024,1024,90.56,2135.46
Vienna,vienna_0260.jpg,accepted,,1024,576,114.17,1501.87
Vienna,vienna_0261.jpg,accepted,,1024,1024,77.02,1882.74
Vienna,vienna_0262.jpg,accepted,,1024,768,121.74,1191.40
Vienna,vienna_0263.jpg,accepted,,1024,1024,138.25,422.60
Vienna,vienna_0264.jpg,accepted,,1024,768,130.10,365.91
Vienna,vienna_0265.jpg,accepted,,1024,1024,62.00,79.33
Vienna,vienna_0266.jpg,accepted,,1024,1024,106.73,455.80
Vienna,vienna_0267.jpg,accepted,,1024,576,146.57,1992.66
Vienna,vienna_0268.jpg,accepted,,1024,1024,99.67,128.86
Vienna,vienna_0269.jpg,accepted,,1024,768,106.47,861.83
Vienna,vienna_0270.jpg,accepted,,1024,768,104.61,1835.15
Vienna,vienna_0271.jpg,accepted,,1024,768,79.44,59.27
Vienna,vienna_0272.jpg,accepted,,1024,1024,108.88,1934.15
Vienna,vienna_0273.jpg,accepted,,1024,768,106.57,1351.85
Vienna,vienna_0274.jpg,accepted,,1024,1024,117.47,765.92
Vienna,vienna_0275.jpg,accepted,,1024,576,102.69,279.67
Vienna,vienna_0276.jpg,accepted,,1024,768,117.38,1071.43
Vienna,vienna_0277.jpg,accepted,,1024,768,111.73,1517.53
Vienna,vienna_0278.jpg,accepted,,1024,576,130.86,823.60
Vienna,vienna_0279.jpg,accepted,,1024,711,124.17,996.20
Vienna,vienna_0280.jpg,accepted,,1024,896,104.96,213.01
Vienna,vienna_0281.jpg,accepted,,1024,768,89.49,928.02
Vienna,vienna_0282.jpg,accepted,,1024,1367,113.90,4082.14
Vienna,vienna_0283.jpg,accepted,,1024,1024,114.03,1450.73
Vienna,vienna_0284.jpg,accepted,,1024,1024,147.21,880.25
Vienna,vienna_0285.jpg,accepted,,1024,768,138.97,1189.26
Vienna,vienna_0286.jpg,accepted,,1024,768,110.25,389.34
Vienna,vienna_0287.jpg,accepted,,1024,655,100.45,652.46
Vienna,vienna_0288.jpg,accepted,,1024,768,134.72,857.84
Vienna,vienna_0289.jpg,accepted,,1024,768,109.15,1271.42
Vienna,vienna_0290.jpg,accepted,,1024,768,121.08,844.15
Vienna,vienna_0291.jpg,accepted,,1023,629,114.43,819.29
Vienna,vienna_0292.jpg,accepted,,1024,1024,112.46,787.87
Vienna,vienna_0293.jpg,accepted,,1023,764,141.45,408.34
Vienna,vienna_0294.jpg,accepted,,1024,768,107.95,1631.45
Vienna,vienna_0295.jpg,accepted,,1024,1024,98.33,1423.69
Vienna,vienna_0296.jpg,accepted,,1024,576,124.36,2397.42
Vienna,vienna_0297.jpg,accepted,,1024,576,95.02,570.99
Vienna,vienna_0298.jpg,accepted,,1024,576,98.00,1812.15
Vienna,vienna_0299.jpg,accepted,,1024,768,96.09,1922.62
Vienna,vienna_0300.jpg,accepted,,1024,896,104.48,211.98
Vienna,vienna_0301.jpg,accepted,,1024,576,101.85,1258.66
Vienna,vienna_0302.jpg,accepted,,1024,1024,121.94,618.88
Vienna,vienna_0303.jpg,accepted,,1024,759,96.19,480.76
Vienna,vienna_0304.jpg,accepted,,1023,629,89.88,767.87
Vienna,vienna_0305.jpg,accepted,,1023,629,108.10,473.78
Vienna,vienna_0306.jpg,accepted,,1024,1024,103.67,486.72
Vienna,vienna_0307.jpg,accepted,,1024,1024,140.29,1117.42
Vienna,vienna_0308.jpg,accepted,,1024,768,142.42,1054.36
Vienna,vienna_0309.jpg,accepted,,1024,1024,57.54,1618.07
Vienna,vienna_0310.jpg,accepted,,1024,896,134.35,1277.12
Vienna,vienna_0311.jpg,accepted,,1024,1024,76.29,196.75
Vienna,vienna_0312.jpg,accepted,,1024,1024,98.46,1614.66
Vienna,vienna_0313.jpg,accepted,,1024,771,82.91,379.17
Vienna,vienna_0314.jpg,accepted,,1023,629,103.42,475.28
Vienna,vienna_0315.jpg,accepted,,1024,1024,106.09,680.07
Vienna,vienna_0316.jpg,accepted,,1024,768,70.05,67.20
Vienna,vienna_0317.jpg,accepted,,1024,1024,77.83,841.34
Vienna,vienna_0318.jpg,accepted,,1024,1024,74.32,269.21
Vienna,vienna_0319.jpg,accepted,,1024,1024,78.17,509.66
Vienna,vienna_0320.jpg,accepted,,1024,1024,103.98,528.12
Vienna,vienna_0321.jpg,accepted,,1024,576,127.77,2362.27
Vienna,vienna_0322.jpg,accepted,,1024,768,117.60,1446.08
Vienna,vienna_0323.jpg,accepted,,1024,768,103.92,1109.27
Vienna,vienna_0324.jpg,accepted,,1024,768,118.50,1398.65
Vienna,vienna_0325.jpg,accepted,,1024,768,109.14,1185.71
Vienna,vienna_0326.jpg,accepted,,1024,1024,138.50,1072.80
Vienna,vienna_0327.jpg,accepted,,1024,1024,130.42,972.96
Vienna,vienna_0328.jpg,accepted,,1023,629,85.23,553.93
Vienna,vienna_0329.jpg,accepted,,1024,768,104.54,1096.56
Vienna,vienna_0330.jpg,accepted,,1024,768,156.92,1789.32
Vienna,vienna_0331.jpg,accepted,,1024,576,96.35,1688.65
Vienna,vienna_0332.jpg,accepted,,1024,1024,148.21,1240.64
Vienna,vienna_0333.jpg,accepted,,1024,768,113.42,958.37
Vienna,vienna_0334.jpg,accepted,,803,1200,101.64,1323.06
Vienna,vienna_0335.jpg,accepted,,1024,768,108.35,1154.02
Vienna,vienna_0336.jpg,accepted,,1024,768,98.79,1263.85
Vienna,vienna_0337.jpg,accepted,,1024,1024,128.09,448.27
Vienna,vienna_0338.jpg,accepted,,1024,1024,117.05,677.02
Vienna,vienna_0339.jpg,accepted,,1024,1024,111.99,288.02
Vienna,vienna_0340.jpg,accepted,,1024,1024,117.57,1179.86
Vienna,vienna_0341.jpg,accepted,,1024,768,104.13,1068.63
Vienna,vienna_0342.jpg,accepted,,1023,647,109.16,1149.00
Vienna,vienna_0343.jpg,accepted,,1024,1024,88.40,849.73
Vienna,vienna_0344.jpg,accepted,,1024,576,118.77,1814.59
Vienna,vienna_0345.jpg,accepted,,575,768,148.69,1822.49
Vienna,vienna_0346.jpg,accepted,,1024,768,96.07,987.75
Vienna,vienna_0347.jpg,accepted,,1024,1024,130.43,743.87
Vienna,vienna_0348.jpg,accepted,,1024,1024,115.51,1545.92
Vienna,vienna_0349.jpg,accepted,,1024,711,107.23,1555.34
Vienna,vienna_0350.jpg,accepted,,1024,768,137.62,1077.90
Vienna,vienna_0351.jpg,accepted,,1023,629,90.08,445.16
Vienna,vienna_0352.jpg,accepted,,1024,1024,129.84,903.90
Vienna,vienna_0353.jpg,accepted,,1024,768,103.42,902.56
Vienna,vienna_0354.jpg,accepted,,1024,896,91.43,707.08
Vienna,vienna_0355.jpg,accepted,,1024,768,91.97,750.73
Vienna,vienna_0356.jpg,accepted,,1024,1024,116.93,1726.05
Vienna,vienna_0357.jpg,accepted,,1024,768,97.02,558.10
Vienna,vienna_0358.jpg,accepted,,1024,768,123.69,2339.50
Vienna,vienna_0359.jpg,accepted,,1024,1024,85.83,494.10
Vienna,vienna_0360.jpg,accepted,,1024,1024,103.67,747.21
Vienna,vienna_0361.jpg,accepted,,1024,768,137.79,89.37
Vienna,vienna_0362.jpg,accepted,,1024,896,85.47,1279.25
Vienna,vienna_0363.jpg,accepted,,1024,896,104.91,191.42
Vienna,vienna_0364.jpg,accepted,,1024,768,89.90,130.13
Vienna,vienna_0365.jpg,accepted,,1024,768,116.32,1645.32
Vienna,vienna_0366.jpg,accepted,,1024,768,115.00,763.66
Vienna,vienna_0367.jpg,accepted,,1023,629,113.31,1125.50
Vienna,vienna_0368.jpg,accepted,,1024,1024,54.90,225.41
Vienna,vienna_0369.jpg,accepted,,1024,1024,130.16,1433.87
Vienna,vienna_0370.jpg,accepted,,1024,1024,126.09,1030.97
Vienna,vienna_0371.jpg,accepted,,1024,768,131.83,1948.80
Vienna,vienna_0372.jpg,accepted,,1024,576,136.75,1946.51
Vienna,vienna_0373.jpg,accepted,,1024,1024,77.85,343.02
Vienna,vienna_0374.jpg,accepted,,1024,1024,129.05,293.19
Vienna,vienna_0375.jpg,accepted,,1023,629,122.26,811.03
Vienna,vienna_0376.jpg,accepted,,1024,1024,101.73,456.62
Vienna,vienna_0377.jpg,accepted,,1024,1024,109.23,754.93
Vienna,vienna_0378.jpg,accepted,,1024,1024,117.58,821.25
Vienna,vienna_0379.jpg,accepted,,1024,1024,97.88,731.13
Zagreb,zagreb_0001.jpg,accepted,,1024,768,63.92,313.63
Zagreb,zagreb_0002.jpg,accepted,,1024,768,98.58,1521.75
Zagreb,zagreb_0003.jpg,accepted,,1024,576,112.40,329.59
Zagreb,zagreb_0004.jpg,accepted,,1024,768,96.16,1448.32
Zagreb,zagreb_0005.jpg,accepted,,1024,768,146.69,973.21
Zagreb,zagreb_0006.jpg,accepted,,1024,768,119.19,1564.19
Zagreb,zagreb_0007.jpg,accepted,,1024,768,111.68,398.68
Zagreb,zagreb_0008.jpg,accepted,,1024,768,138.55,1097.34
Zagreb,zagreb_0009.jpg,accepted,,1024,768,101.22,465.32
Zagreb,zagreb_0010.jpg,accepted,,1024,768,134.74,1004.49
Zagreb,zagreb_0011.jpg,accepted,,1024,768,87.46,622.98
Zagreb,zagreb_0012.jpg,accepted,,1024,768,94.78,980.70
Zagreb,zagreb_0013.jpg,accepted,,1024,768,92.59,364.84
Zagreb,zagreb_0014.jpg,accepted,,1024,768,122.03,704.62
Zagreb,zagreb_0015.jpg,accepted,,1024,768,94.31,497.57
Zagreb,zagreb_0016.jpg,accepted,,1024,768,127.86,2105.59
Zagreb,zagreb_0017.jpg,accepted,,1024,768,121.95,1348.47
Zagreb,zagreb_0018.jpg,accepted,,1024,768,119.70,2922.70
Zagreb,zagreb_0019.jpg,accepted,,1024,432,114.51,2842.89
Zagreb,zagreb_0020.jpg,accepted,,1024,768,113.00,446.44
Zagreb,zagreb_0021.jpg,accepted,,1024,768,107.32,628.31
Zagreb,zagreb_0022.jpg,accepted,,1024,768,122.27,653.42
Zagreb,zagreb_0023.jpg,accepted,,1024,768,102.76,844.68
Zagreb,zagreb_0024.jpg,accepted,,1024,768,117.86,2053.10
Zagreb,zagreb_0025.jpg,accepted,,1024,768,118.46,204.08
Zagreb,zagreb_0026.jpg,accepted,,1024,768,132.38,553.27
Zagreb,zagreb_0027.jpg,accepted,,1024,768,120.89,514.71
Zagreb,zagreb_0028.jpg,accepted,,1024,768,117.60,680.76
Zagreb,zagreb_0029.jpg,accepted,,1024,768,144.48,961.90
Zagreb,zagreb_0030.jpg,accepted,,1024,768,129.05,222.35
Zagreb,zagreb_0031.jpg,accepted,,1024,768,133.49,1368.03
Zagreb,zagreb_0032.jpg,accepted,,1024,768,124.21,3824.05
Zagreb,zagreb_0033.jpg,accepted,,1024,768,90.14,236.28
Zagreb,zagreb_0034.jpg,accepted,,1024,768,122.64,259.07
Zagreb,zagreb_0035.jpg,accepted,,1024,768,117.16,95.29
Zagreb,zagreb_0036.jpg,accepted,,1024,768,81.05,234.51
Zagreb,zagreb_0037.jpg,accepted,,1024,768,93.62,200.85
Zagreb,zagreb_0038.jpg,accepted,,1024,768,112.84,1227.96
Zagreb,zagreb_0039.jpg,accepted,,1024,768,84.84,1527.00
Zagreb,zagreb_0040.jpg,accepted,,1024,768,19.53,119.94
Zagreb,zagreb_0041.jpg,accepted,,1024,768,124.30,3059.36
Zagreb,zagreb_0042.jpg,accepted,,1024,768,101.11,2906.94
Zagreb,zagreb_0043.jpg,accepted,,1024,768,110.82,865.99
Zagreb,zagreb_0044.jpg,accepted,,1024,768,115.63,2192.53
Zagreb,zagreb_0045.jpg,accepted,,1024,768,130.77,2021.43
Zagreb,zagreb_0046.jpg,accepted,,1024,768,121.51,622.37
Zagreb,zagreb_0047.jpg,accepted,,1024,576,62.59,485.26
Zagreb,zagreb_0048.jpg,accepted,,1024,768,147.67,1560.91
Zagreb,zagreb_0049.jpg,accepted,,1024,768,118.05,1142.81
Zagreb,zagreb_0050.jpg,accepted,,1024,768,121.18,228.57
Zagreb,zagreb_0051.jpg,accepted,,1024,768,134.09,834.72
Zagreb,zagreb_0052.jpg,accepted,,1024,576,84.34,484.14
Zagreb,zagreb_0053.jpg,accepted,,1024,768,101.42,471.79
Zagreb,zagreb_0054.jpg,accepted,,1024,768,123.47,1016.92
Zagreb,zagreb_0055.jpg,accepted,,1024,768,125.69,337.43
Zagreb,zagreb_0056.jpg,accepted,,1024,768,118.77,183.74
Zagreb,zagreb_0057.jpg,accepted,,1024,768,96.80,1390.55
Zagreb,zagreb_0058.jpg,accepted,,1024,576,69.29,278.74
Zagreb,zagreb_0059.jpg,accepted,,1024,768,86.58,207.39
Zagreb,zagreb_0060.jpg,accepted,,1024,576,92.01,1693.21
Zagreb,zagreb_0061.jpg,accepted,,1024,576,110.53,4247.86
Zagreb,zagreb_0062.jpg,accepted,,1024,768,118.96,1003.66
Zagreb,zagreb_0063.jpg,accepted,,1024,576,101.36,618.64
Zagreb,zagreb_0064.jpg,accepted,,1024,576,117.69,3268.49
Zagreb,zagreb_0065.jpg,accepted,,1024,768,130.46,2689.80
Zagreb,zagreb_0066.jpg,accepted,,1024,768,90.13,627.56
Zagreb,zagreb_0067.jpg,accepted,,1024,768,130.61,631.21
Zagreb,zagreb_0068.jpg,accepted,,1024,768,106.51,942.57
Zagreb,zagreb_0069.jpg,accepted,,1024,768,110.94,1091.88
Zagreb,zagreb_0070.jpg,accepted,,1024,576,120.27,1176.33
Zagreb,zagreb_0071.jpg,accepted,,1024,768,123.59,1240.55
Zagreb,zagreb_0072.jpg,accepted,,1024,576,119.68,3254.68
Zagreb,zagreb_0073.jpg,accepted,,1024,768,120.96,840.65
Zagreb,zagreb_0074.jpg,accepted,,1024,768,115.44,215.86
Zagreb,zagreb_0075.jpg,accepted,,1024,576,105.09,766.59
Zagreb,zagreb_0076.jpg,accepted,,1024,768,94.81,1625.75
Zagreb,zagreb_0077.jpg,accepted,,1024,768,135.96,348.37
Zagreb,zagreb_0078.jpg,accepted,,1024,576,112.62,2208.02
Zagreb,zagreb_0079.jpg,accepted,,1024,768,108.96,837.24
Zagreb,zagreb_0080.jpg,accepted,,1024,576,105.52,1369.01
Zagreb,zagreb_0081.jpg,accepted,,1024,768,102.98,2120.65
Zagreb,zagreb_0082.jpg,accepted,,1024,576,117.31,2633.01
Zagreb,zagreb_0083.jpg,accepted,,1024,768,100.11,822.84
Zagreb,zagreb_0084.jpg,accepted,,1024,768,95.02,570.71
Zagreb,zagreb_0085.jpg,accepted,,1024,576,94.14,357.26
Zagreb,zagreb_0086.jpg,accepted,,1024,576,123.48,3088.32
Zagreb,zagreb_0087.jpg,accepted,,1024,576,93.32,466.72
Zagreb,zagreb_0088.jpg,accepted,,1024,576,65.41,710.21
Zagreb,zagreb_0089.jpg,accepted,,1024,768,138.15,368.37
Zagreb,zagreb_0090.jpg,accepted,,1024,768,136.58,523.69
Zagreb,zagreb_0091.jpg,accepted,,1024,768,102.46,1795.88
Zagreb,zagreb_0092.jpg,accepted,,1024,768,105.37,899.69
Zagreb,zagreb_0093.jpg,accepted,,1024,768,116.35,525.52
Zagreb,zagreb_0094.jpg,accepted,,1024,768,128.07,524.52
Zagreb,zagreb_0095.jpg,accepted,,1024,768,92.06,1048.79
Zagreb,zagreb_0096.jpg,accepted,,1024,768,121.89,806.65
Zagreb,zagreb_0097.jpg,accepted,,1024,768,114.86,3032.66
Zagreb,zagreb_0098.jpg,accepted,,1024,576,84.72,1730.83
Zagreb,zagreb_0099.jpg,accepted,,1024,576,84.45,467.19
Zagreb,zagreb_0100.jpg,accepted,,1024,768,116.09,242.11
Zagreb,zagreb_0101.jpg,accepted,,1024,768,77.71,351.12
Zagreb,zagreb_0102.jpg,accepted,,1024,768,142.37,526.14
Zagreb,zagreb_0103.jpg,accepted,,1024,576,111.49,1286.29
Zagreb,zagreb_0104.jpg,accepted,,1024,768,114.14,2154.38
Zagreb,zagreb_0105.jpg,accepted,,1024,768,132.90,1072.69
Zagreb,zagreb_0106.jpg,accepted,,1024,768,121.20,99.68
Zagreb,zagreb_0107.jpg,accepted,,1024,768,110.41,729.24
Zagreb,zagreb_0108.jpg,accepted,,1024,768,114.08,2437.78
Zagreb,zagreb_0109.jpg,accepted,,1024,768,107.31,1497.27
Zagreb,zagreb_0110.jpg,accepted,,1024,576,100.84,420.83
Zagreb,zagreb_0111.jpg,accepted,,1024,576,98.31,629.50
Zagreb,zagreb_0112.jpg,accepted,,1024,768,95.44,661.50
Zagreb,zagreb_0113.jpg,accepted,,1024,768,95.22,934.87
Zagreb,zagreb_0114.jpg,accepted,,1024,768,122.74,1097.50
Zagreb,zagreb_0115.jpg,accepted,,1024,768,101.23,1511.10
Zagreb,zagreb_0116.jpg,accepted,,1024,768,128.81,375.08
Zagreb,zagreb_0117.jpg,accepted,,1024,576,90.75,869.45
Zagreb,zagreb_0118.jpg,accepted,,1024,768,56.68,208.82
Zagreb,zagreb_0119.jpg,accepted,,1024,768,134.91,1524.51
Zagreb,zagreb_0120.jpg,accepted,,1024,576,116.13,1091.16
Zagreb,zagreb_0121.jpg,accepted,,1024,768,113.29,483.90
Zagreb,zagreb_0122.jpg,accepted,,1024,768,70.68,805.06
Zagreb,zagreb_0123.jpg,accepted,,1024,576,106.36,311.39
Zagreb,zagreb_0124.jpg,accepted,,1024,576,118.92,3768.38
Zagreb,zagreb_0125.jpg,accepted,,1024,432,95.09,2932.94
Zagreb,zagreb_0126.jpg,accepted,,1024,768,101.99,1786.01
Zagreb,zagreb_0127.jpg,accepted,,1024,768,121.16,235.92
Zagreb,zagreb_0128.jpg,accepted,,1024,768,123.00,919.51
Zagreb,zagreb_0129.jpg,accepted,,1024,768,108.52,520.32
Zagreb,zagreb_0130.jpg,accepted,,1024,576,122.38,5252.77
Zagreb,zagreb_0131.jpg,accepted,,1024,768,137.76,266.91
Zagreb,zagreb_0132.jpg,accepted,,1024,576,86.99,717.57
Zagreb,zagreb_0133.jpg,accepted,,1024,576,128.83,325.62
Zagreb,zagreb_0134.jpg,accepted,,1024,576,60.16,796.56
Zagreb,zagreb_0135.jpg,accepted,,1024,576,105.61,568.17
Zagreb,zagreb_0136.jpg,accepted,,1024,576,100.05,3959.00
Zagreb,zagreb_0137.jpg,accepted,,1024,576,107.06,307.07
Zagreb,zagreb_0138.jpg,accepted,,1024,768,127.77,1423.57
Zagreb,zagreb_0139.jpg,accepted,,1024,768,116.82,646.49
Zagreb,zagreb_0140.jpg,accepted,,1024,768,117.05,1640.03
Zagreb,zagreb_0141.jpg,accepted,,1024,768,68.91,922.54
Zagreb,zagreb_0142.jpg,accepted,,1024,768,120.38,521.28
Zagreb,zagreb_0143.jpg,accepted,,1024,768,74.52,1997.01
Zagreb,zagreb_0144.jpg,accepted,,1024,768,79.37,337.95
Zagreb,zagreb_0145.jpg,accepted,,1024,768,129.40,599.19
Zagreb,zagreb_0146.jpg,accepted,,1024,768,80.45,409.95
Zagreb,zagreb_0147.jpg,accepted,,1024,768,88.25,674.49
Zagreb,zagreb_0148.jpg,accepted,,1024,576,126.51,672.81
Zagreb,zagreb_0149.jpg,accepted,,1024,432,114.48,2543.51
Zagreb,zagreb_0150.jpg,accepted,,1024,576,119.08,404.49
Zagreb,zagreb_0151.jpg,accepted,,1024,768,125.18,1718.29
Zagreb,zagreb_0152.jpg,accepted,,1024,576,98.13,993.95
Zagreb,zagreb_0153.jpg,accepted,,1024,768,80.26,779.49
Zagreb,zagreb_0154.jpg,accepted,,1024,576,98.42,1359.48
Zagreb,zagreb_0155.jpg,accepted,,1024,576,71.51,382.40
Zagreb,zagreb_0156.jpg,accepted,,1024,768,114.19,996.79
Zagreb,zagreb_0157.jpg,accepted,,1024,576,112.25,1000.30
Zagreb,zagreb_0158.jpg,accepted,,1024,768,108.13,737.30
Zagreb,zagreb_0159.jpg,accepted,,1024,768,119.10,1419.48
Zagreb,zagreb_0160.jpg,accepted,,1024,768,95.31,987.67
Zagreb,zagreb_0161.jpg,accepted,,1024,768,102.60,1667.52
Zagreb,zagreb_0162.jpg,accepted,,1024,768,100.60,1321.30
Zagreb,zagreb_0163.jpg,accepted,,1024,768,55.69,182.67
Zagreb,zagreb_0164.jpg,accepted,,1024,768,119.18,981.71
Zagreb,zagreb_0165.jpg,accepted,,1024,576,107.25,377.67
Zagreb,zagreb_0166.jpg,accepted,,1024,576,87.38,1323.91
Zagreb,zagreb_0167.jpg,accepted,,1024,768,125.41,1355.21
Zagreb,zagreb_0168.jpg,accepted,,1024,768,112.50,911.74
Zagreb,zagreb_0169.jpg,accepted,,1024,768,77.53,464.82
Zagreb,zagreb_0170.jpg,accepted,,1024,768,116.31,750.49
Zagreb,zagreb_0171.jpg,accepted,,1024,768,110.72,998.41
Zagreb,zagreb_0172.jpg,accepted,,1024,768,101.49,670.97
Zagreb,zagreb_0173.jpg,accepted,,1024,768,112.46,2438.97
Zagreb,zagreb_0174.jpg,accepted,,1024,768,107.70,1060.12
Zagreb,zagreb_0175.jpg,accepted,,1024,768,143.48,1006.98
Zagreb,zagreb_0176.jpg,accepted,,1024,768,115.95,575.05
Zagreb,zagreb_0177.jpg,accepted,,1024,576,129.79,394.65
Zagreb,zagreb_0178.jpg,accepted,,1024,576,101.02,884.40
Zagreb,zagreb_0179.jpg,accepted,,1024,576,99.61,4151.94
Zagreb,zagreb_0180.jpg,accepted,,1024,768,119.11,717.20
Zagreb,zagreb_0181.jpg,accepted,,1024,576,134.81,1713.48
Zagreb,zagreb_0182.jpg,accepted,,1024,576,85.22,1079.48
Zagreb,zagreb_0183.jpg,accepted,,1024,768,109.93,1589.19
Zagreb,zagreb_0184.jpg,accepted,,1024,576,73.83,556.46
Zagreb,zagreb_0185.jpg,accepted,,1024,768,145.12,2192.41
Zagreb,zagreb_0186.jpg,accepted,,1024,768,80.43,2714.01
Zagreb,zagreb_0187.jpg,accepted,,1024,576,118.91,417.85
Zagreb,zagreb_0188.jpg,accepted,,1024,768,118.06,1628.52
Zagreb,zagreb_0189.jpg,accepted,,1024,768,67.66,908.61
Zagreb,zagreb_0190.jpg,accepted,,1024,768,123.28,1166.87
Zagreb,zagreb_0191.jpg,accepted,,1024,768,104.93,1403.76
Zagreb,zagreb_0192.jpg,accepted,,1024,768,128.81,1648.10
Zagreb,zagreb_0193.jpg,accepted,,1024,768,127.23,751.80
Zagreb,zagreb_0194.jpg,accepted,,1024,576,97.43,997.21
Zagreb,zagreb_0195.jpg,accepted,,1024,768,127.08,1027.59
Zagreb,zagreb_0196.jpg,accepted,,1024,768,131.15,1601.06
Zagreb,zagreb_0197.jpg,accepted,,1024,768,89.02,1757.72
Zagreb,zagreb_0198.jpg,accepted,,1024,768,78.57,967.76
Zagreb,zagreb_0199.jpg,accepted,,1024,576,120.32,934.18
Zagreb,zagreb_0200.jpg,accepted,,1024,768,102.38,721.68
Zagreb,zagreb_0201.jpg,accepted,,1024,768,83.92,763.34
Zagreb,zagreb_0202.jpg,accepted,,1024,768,91.14,919.96
Zagreb,zagreb_0203.jpg,accepted,,1024,576,112.41,249.08
Zagreb,zagreb_0204.jpg,accepted,,1024,576,106.99,1156.01
Zagreb,zagreb_0205.jpg,accepted,,1024,576,102.10,1080.21
Zagreb,zagreb_0206.jpg,accepted,,1024,768,87.89,1252.76
Zagreb,zagreb_0207.jpg,accepted,,1024,768,90.18,175.85
Zagreb,zagreb_0208.jpg,accepted,,1024,576,100.24,1045.53
Zagreb,zagreb_0209.jpg,accepted,,1024,768,109.42,939.60
Zagreb,zagreb_0210.jpg,accepted,,1024,576,109.97,1432.79
Zagreb,zagreb_0211.jpg,accepted,,1024,768,102.24,1221.27
Zagreb,zagreb_0212.jpg,accepted,,1024,576,115.86,417.71
Zagreb,zagreb_0213.jpg,accepted,,1024,576,103.31,1111.23
Zagreb,zagreb_0214.jpg,accepted,,1024,576,95.06,1198.08
Zagreb,zagreb_0215.jpg,accepted,,1024,768,68.10,530.82
Zagreb,zagreb_0216.jpg,accepted,,1024,768,119.80,600.71
Zagreb,zagreb_0217.jpg,accepted,,1024,768,132.90,1341.65
Zagreb,zagreb_0218.jpg,accepted,,1024,768,116.33,647.41
Zagreb,zagreb_0219.jpg,accepted,,1024,768,100.90,1085.38
Zagreb,zagreb_0220.jpg,accepted,,1024,576,103.07,675.03
Zagreb,zagreb_0221.jpg,accepted,,1024,576,106.81,1471.02
Zagreb,zagreb_0222.jpg,accepted,,1024,576,115.59,569.17
Zagreb,zagreb_0223.jpg,accepted,,1024,576,119.70,1494.64
Zagreb,zagreb_0224.jpg,accepted,,1024,768,145.16,1534.82
Zagreb,zagreb_0225.jpg,accepted,,1024,768,69.17,1249.84
Zagreb,zagreb_0226.jpg,accepted,,1024,768,94.29,1046.51
Zagreb,zagreb_0227.jpg,accepted,,1024,1820,125.86,978.83
Zagreb,zagreb_0228.jpg,accepted,,1024,768,106.41,727.42
Zagreb,zagreb_0229.jpg,accepted,,1024,768,87.56,1161.81
Zagreb,zagreb_0230.jpg,accepted,,1024,768,96.40,964.23
Zagreb,zagreb_0231.jpg,accepted,,1024,576,64.86,803.36
Zagreb,zagreb_0232.jpg,accepted,,1024,768,112.33,1038.15
Zagreb,zagreb_0233.jpg,accepted,,1024,576,87.26,570.07
Zagreb,zagreb_0234.jpg,accepted,,1024,576,90.78,597.30
Zagreb,zagreb_0235.jpg,accepted,,1024,768,108.57,216.92
Zagreb,zagreb_0236.jpg,accepted,,1024,576,111.67,1064.89
Zagreb,zagreb_0237.jpg,accepted,,1024,768,99.35,705.24
Zagreb,zagreb_0238.jpg,accepted,,1024,576,83.61,1013.78
Zagreb,zagreb_0239.jpg,accepted,,1024,768,69.35,696.94
Zagreb,zagreb_0240.jpg,accepted,,1024,768,106.65,941.84
Zagreb,zagreb_0241.jpg,accepted,,1024,576,98.60,1539.93
Zagreb,zagreb_0242.jpg,accepted,,1024,768,128.96,2542.88
Zagreb,zagreb_0243.jpg,accepted,,1024,768,102.12,1011.84
Zagreb,zagreb_0244.jpg,accepted,,1024,768,122.76,546.95
Zagreb,zagreb_0245.jpg,accepted,,1024,768,130.55,144.19
Zagreb,zagreb_0246.jpg,accepted,,1024,576,113.75,1036.41
Zagreb,zagreb_0247.jpg,accepted,,1024,768,138.85,894.75
Zagreb,zagreb_0248.jpg,accepted,,1024,768,127.32,1067.94
Zagreb,zagreb_0249.jpg,accepted,,1024,576,108.54,880.23
Zagreb,zagreb_0250.jpg,accepted,,1024,576,115.73,411.60
Zagreb,zagreb_0251.jpg,accepted,,1024,768,101.69,1381.12
Zagreb,zagreb_0252.jpg,accepted,,1024,768,108.04,632.87
Zagreb,zagreb_0253.jpg,accepted,,1024,576,111.63,1252.50
Zagreb,zagreb_0254.jpg,accepted,,1024,768,76.24,789.74
Zagreb,zagreb_0255.jpg,accepted,,1024,768,131.21,979.95
Zagreb,zagreb_0256.jpg,accepted,,1024,576,90.16,1517.14
Zagreb,zagreb_0257.jpg,accepted,,1024,768,98.14,1050.95
Zagreb,zagreb_0258.jpg,accepted,,1024,768,124.01,1598.01
Zagreb,zagreb_0259.jpg,accepted,,1024,768,82.54,765.29
Zagreb,zagreb_0260.jpg,accepted,,1024,768,105.65,1151.24
Zagreb,zagreb_0261.jpg,accepted,,1024,576,102.82,1206.01
Zagreb,zagreb_0262.jpg,accepted,,1024,768,84.81,1152.10
Zagreb,zagreb_0263.jpg,accepted,,1024,768,81.52,1430.29
Zagreb,zagreb_0264.jpg,accepted,,1024,576,90.30,764.54
Zagreb,zagreb_0265.jpg,review,possible_blur,1024,576,205.35,0.81
Zagreb,zagreb_0266.jpg,accepted,,1024,768,101.13,555.09
Zagreb,zagreb_0267.jpg,accepted,,1024,768,106.68,471.71
Zagreb,zagreb_0268.jpg,accepted,,1024,576,92.35,963.31
Zagreb,zagreb_0269.jpg,accepted,,1024,576,66.66,699.43
Zagreb,zagreb_0270.jpg,accepted,,1024,768,112.78,1032.94
Zagreb,zagreb_0271.jpg,accepted,,1024,768,147.88,874.81
Zagreb,zagreb_0272.jpg,accepted,,1024,768,86.19,1011.82
Zagreb,zagreb_0273.jpg,accepted,,1024,576,105.25,759.28
Zagreb,zagreb_0274.jpg,accepted,,1024,768,113.51,1311.26
Zagreb,zagreb_0275.jpg,accepted,,1024,576,61.21,1291.07
Zagreb,zagreb_0276.jpg,accepted,,1024,768,136.75,323.78
Zagreb,zagreb_0277.jpg,accepted,,1024,576,85.77,1468.72
Zagreb,zagreb_0278.jpg,rejected,exact_duplicate_of:zagreb_0272.jpg,1024,768,86.19,1011.82
Zagreb,zagreb_0279.jpg,rejected,exact_duplicate_of:zagreb_0273.jpg,1024,576,105.25,759.28
